title,singer,image_url,genre
비행기,거북이,https://cdnimg.melon.co.kr/cm/album/images/003/22/845/322845_500.jpg/melon/resize/120/quality/80/optimize,Dance
미리 메리 크리스마스 (Feat. 천둥 Of MBLAQ),아이유,https://cdnimg.melon.co.kr/cm/album/images/010/93/562/1093562_500.jpg/melon/resize/120/quality/80/optimize,Dance
I Don't Care,2NE1,https://cdnimg.melon.co.kr/cm/album/images/005/98/055/598055_500.jpg/melon/resize/120/quality/80/optimize,Dance
좋은 날,아이유,https://cdnimg.melon.co.kr/cm/album/images/010/93/562/1093562_500.jpg/melon/resize/120/quality/80/optimize,Dance
붉은 노을,BIGBANG (빅뱅),https://cdnimg.melon.co.kr/cm/album/images/004/05/351/405351_500.jpg/melon/resize/120/quality/80/optimize,Dance
너랑 나,아이유,https://cdnimg.melon.co.kr/cm/album/images/020/40/666/2040666_500.jpg/melon/resize/120/quality/80/optimize,Dance
하루 끝,아이유,https://cdnimg.melon.co.kr/cm/album/images/021/21/646/2121646_500.jpg/melon/resize/120/quality/80/optimize,Dance
SHAKE IT,씨스타,https://cdnimg.melon.co.kr/cm/album/images/023/25/345/2325345_500.jpg/melon/resize/120/quality/80/optimize,Dance
스물셋,아이유,https://cdnimg.melon.co.kr/cm/album/images/026/46/282/2646282_500.jpg/melon/resize/120/quality/80/optimize,Dance
8282,다비치,https://cdnimg.melon.co.kr/cm/album/images/005/08/460/508460_500.jpg/melon/resize/120/quality/80/optimize,Dance
T.T.L (Time To Love),티아라,https://cdnimg.melon.co.kr/cm/album/images/007/27/252/727252_500.jpg/melon/resize/120/quality/80/optimize,Dance
Bus 안에서,자자 (ZAZA),https://cdnimg.melon.co.kr/cm/album/images/000/05/457/5457_500.jpg/melon/resize/120/quality/80/optimize,Dance
Touch My Body,씨스타,https://cdnimg.melon.co.kr/cm/album/images/022/68/221/2268221_500.jpg/melon/resize/120/quality/80/optimize,Dance
빙고 (아싸),거북이,https://cdnimg.melon.co.kr/cm/album/images/000/43/466/43466_500.jpg/melon/resize/120/quality/80/optimize,Dance
오늘부터 우리는 (Me Gustas Tu),여자친구 (GFRIEND),https://cdnimg.melon.co.kr/cm/album/images/023/30/981/2330981_500.jpg/melon/resize/120/quality/80/optimize,Dance
Loving U (러빙유),씨스타,https://cdnimg.melon.co.kr/cm/album/images/021/31/509/2131509_500.jpg/melon/resize/120/quality/80/optimize,Dance
순정 (純情),코요태,https://cdnimg.melon.co.kr/cm/album/images/000/04/936/4936_500.jpg/melon/resize/120/quality/80/optimize,Dance
FANTASTIC BABY,BIGBANG (빅뱅),https://cdnimg.melon.co.kr/cm/album/images/020/84/128/2084128_500.jpg/melon/resize/120/quality/80/optimize,Dance
Go Away,2NE1,https://cdnimg.melon.co.kr/cm/album/images/010/17/253/1017253_500.jpg/melon/resize/120/quality/80/optimize,Dance
연예인,싸이 (PSY),https://cdnimg.melon.co.kr/cm/album/images/003/22/649/322649_500.jpg/melon/resize/120/quality/80/optimize,Dance
BLUE,BIGBANG (빅뱅),https://cdnimg.melon.co.kr/cm/album/images/020/84/128/2084128_500.jpg/melon/resize/120/quality/80/optimize,Dance
아틀란티스 소녀 (Atlantis Princess),보아 (BoA),https://cdnimg.melon.co.kr/cm2/album/images/000/40/234/40234_20210323165407_500.jpg/melon/resize/120/quality/80/optimize,Dance
Roly-Poly,티아라,https://cdnimg.melon.co.kr/cm/album/images/013/17/401/1317401_500.jpg/melon/resize/120/quality/80/optimize,Dance
Heartbreaker,G-DRAGON,https://cdnimg.melon.co.kr/cm/album/images/006/35/352/635352_500.jpg/melon/resize/120/quality/80/optimize,Dance
Candy,H.O.T.,https://cdnimg.melon.co.kr/cm/album/images/000/05/280/5280_500.jpg/melon/resize/120/quality/80/optimize,Dance
View,SHINee (샤이니),https://cdnimg.melon.co.kr/cm/album/images/023/19/050/2319050_500.jpg/melon/resize/120/quality/80/optimize,Dance
으르렁 (Growl),EXO,https://cdnimg.melon.co.kr/cm/album/images/021/95/303/2195303_500.jpg/melon/resize/120/quality/80/optimize,Dance
사랑과 전쟁 (Narr. 하하),다비치,https://cdnimg.melon.co.kr/cm/album/images/003/88/456/388456_500.jpg/melon/resize/120/quality/80/optimize,Dance
Tell me (Sampling From 'Two Of Hearts'),원더걸스,https://cdnimg.melon.co.kr/cm/album/images/003/57/386/357386_500.jpg/melon/resize/120/quality/80/optimize,Dance
잘못된 만남,김건모,https://cdnimg.melon.co.kr/cm/album/images/000/03/707/3707_500.jpg/melon/resize/120/quality/80/optimize,Dance
Abracadabra,브라운아이드걸스,https://cdnimg.melon.co.kr/cm/album/images/006/03/751/603751_500.jpg/melon/resize/120/quality/80/optimize,Dance
파도,유엔,https://cdnimg.melon.co.kr/cm/album/images/000/33/475/33475_500.jpg/melon/resize/120/quality/80/optimize,Dance
Mr. Chu (On Stage),Apink (에이핑크),https://cdnimg.melon.co.kr/cm/album/images/022/46/854/2246854_500.jpg/melon/resize/120/quality/80/optimize,Dance
분홍신,아이유,https://cdnimg.melon.co.kr/cm/album/images/022/08/448/2208448_500.jpg/melon/resize/120/quality/80/optimize,Dance
LOVE ME RIGHT,EXO,https://cdnimg.melon.co.kr/cm/album/images/023/21/827/2321827_500.jpg/melon/resize/120/quality/80/optimize,Dance
STEP,카라,https://cdnimg.melon.co.kr/cm/album/images/020/09/327/2009327_500.jpg/melon/resize/120/quality/80/optimize,Dance
촛불하나,god,https://cdnimg.melon.co.kr/cm/album/images/000/00/717/717_500.jpg/melon/resize/120/quality/80/optimize,Dance
No.1,보아 (BoA),https://cdnimg.melon.co.kr/cm/album/images/000/16/305/16305_500.jpg/melon/resize/120/quality/80/optimize,Dance
보여줄게,에일리(Ailee),https://cdnimg.melon.co.kr/cm/album/images/021/53/251/2153251_500.jpg/melon/resize/120/quality/80/optimize,Dance
OOH-AHH하게,TWICE (트와이스),https://cdnimg.melon.co.kr/cm/album/images/026/45/617/2645617_500.jpg/melon/resize/120/quality/80/optimize,Dance
U-Go-Girl (With 낯선),이효리,https://cdnimg.melon.co.kr/cm/album/images/003/89/651/389651_500.jpg/melon/resize/120/quality/80/optimize,Dance
실연,코요태,https://cdnimg.melon.co.kr/cm/album/images/000/04/937/4937_500.jpg/melon/resize/120/quality/80/optimize,Dance
So Hot,원더걸스,https://cdnimg.melon.co.kr/cm/album/images/003/81/932/381932_500.jpg/melon/resize/120/quality/80/optimize,Dance
그녀와의 이별,김현정,https://cdnimg.melon.co.kr/cm/album/images/000/03/014/3014_500.jpg/melon/resize/120/quality/80/optimize,Dance
Diva,애프터스쿨,https://cdnimg.melon.co.kr/cm/album/images/005/37/052/537052_500.jpg/melon/resize/120/quality/80/optimize,Dance
심쿵해 (Heart Attack),AOA,https://cdnimg.melon.co.kr/cm/album/images/023/25/321/2325321_500.jpg/melon/resize/120/quality/80/optimize,Dance
3!4!,룰라,https://cdnimg.melon.co.kr/cm/album/images/000/05/349/5349_500.jpg/melon/resize/120/quality/80/optimize,Dance
UGLY,2NE1,https://cdnimg.melon.co.kr/cm/album/images/013/56/152/1356152_500.jpg/melon/resize/120/quality/80/optimize,Dance
Lion Heart,소녀시대 (GIRLS' GENERATION),https://cdnimg.melon.co.kr/cm/album/images/023/35/204/2335204_500.jpg/melon/resize/120/quality/80/optimize,Dance
Poison,엄정화,https://cdnimg.melon.co.kr/cm/album/images/000/04/311/4311_500.jpg/melon/resize/120/quality/80/optimize,Dance
비행기,거북이,https://cdnimg.melon.co.kr/cm/album/images/003/22/845/322845_500.jpg/melon/resize/120/quality/80/optimize,Dance
미리 메리 크리스마스 (Feat. 천둥 Of MBLAQ),아이유,https://cdnimg.melon.co.kr/cm/album/images/010/93/562/1093562_500.jpg/melon/resize/120/quality/80/optimize,Dance
I Don't Care,2NE1,https://cdnimg.melon.co.kr/cm/album/images/005/98/055/598055_500.jpg/melon/resize/120/quality/80/optimize,Dance
좋은 날,아이유,https://cdnimg.melon.co.kr/cm/album/images/010/93/562/1093562_500.jpg/melon/resize/120/quality/80/optimize,Dance
붉은 노을,BIGBANG (빅뱅),https://cdnimg.melon.co.kr/cm/album/images/004/05/351/405351_500.jpg/melon/resize/120/quality/80/optimize,Dance
너랑 나,아이유,https://cdnimg.melon.co.kr/cm/album/images/020/40/666/2040666_500.jpg/melon/resize/120/quality/80/optimize,Dance
하루 끝,아이유,https://cdnimg.melon.co.kr/cm/album/images/021/21/646/2121646_500.jpg/melon/resize/120/quality/80/optimize,Dance
SHAKE IT,씨스타,https://cdnimg.melon.co.kr/cm/album/images/023/25/345/2325345_500.jpg/melon/resize/120/quality/80/optimize,Dance
스물셋,아이유,https://cdnimg.melon.co.kr/cm/album/images/026/46/282/2646282_500.jpg/melon/resize/120/quality/80/optimize,Dance
8282,다비치,https://cdnimg.melon.co.kr/cm/album/images/005/08/460/508460_500.jpg/melon/resize/120/quality/80/optimize,Dance
T.T.L (Time To Love),티아라,https://cdnimg.melon.co.kr/cm/album/images/007/27/252/727252_500.jpg/melon/resize/120/quality/80/optimize,Dance
Bus 안에서,자자 (ZAZA),https://cdnimg.melon.co.kr/cm/album/images/000/05/457/5457_500.jpg/melon/resize/120/quality/80/optimize,Dance
Touch My Body,씨스타,https://cdnimg.melon.co.kr/cm/album/images/022/68/221/2268221_500.jpg/melon/resize/120/quality/80/optimize,Dance
빙고 (아싸),거북이,https://cdnimg.melon.co.kr/cm/album/images/000/43/466/43466_500.jpg/melon/resize/120/quality/80/optimize,Dance
오늘부터 우리는 (Me Gustas Tu),여자친구 (GFRIEND),https://cdnimg.melon.co.kr/cm/album/images/023/30/981/2330981_500.jpg/melon/resize/120/quality/80/optimize,Dance
Loving U (러빙유),씨스타,https://cdnimg.melon.co.kr/cm/album/images/021/31/509/2131509_500.jpg/melon/resize/120/quality/80/optimize,Dance
순정 (純情),코요태,https://cdnimg.melon.co.kr/cm/album/images/000/04/936/4936_500.jpg/melon/resize/120/quality/80/optimize,Dance
FANTASTIC BABY,BIGBANG (빅뱅),https://cdnimg.melon.co.kr/cm/album/images/020/84/128/2084128_500.jpg/melon/resize/120/quality/80/optimize,Dance
Go Away,2NE1,https://cdnimg.melon.co.kr/cm/album/images/010/17/253/1017253_500.jpg/melon/resize/120/quality/80/optimize,Dance
연예인,싸이 (PSY),https://cdnimg.melon.co.kr/cm/album/images/003/22/649/322649_500.jpg/melon/resize/120/quality/80/optimize,Dance
BLUE,BIGBANG (빅뱅),https://cdnimg.melon.co.kr/cm/album/images/020/84/128/2084128_500.jpg/melon/resize/120/quality/80/optimize,Dance
아틀란티스 소녀 (Atlantis Princess),보아 (BoA),https://cdnimg.melon.co.kr/cm2/album/images/000/40/234/40234_20210323165407_500.jpg/melon/resize/120/quality/80/optimize,Dance
Roly-Poly,티아라,https://cdnimg.melon.co.kr/cm/album/images/013/17/401/1317401_500.jpg/melon/resize/120/quality/80/optimize,Dance
Heartbreaker,G-DRAGON,https://cdnimg.melon.co.kr/cm/album/images/006/35/352/635352_500.jpg/melon/resize/120/quality/80/optimize,Dance
Candy,H.O.T.,https://cdnimg.melon.co.kr/cm/album/images/000/05/280/5280_500.jpg/melon/resize/120/quality/80/optimize,Dance
View,SHINee (샤이니),https://cdnimg.melon.co.kr/cm/album/images/023/19/050/2319050_500.jpg/melon/resize/120/quality/80/optimize,Dance
으르렁 (Growl),EXO,https://cdnimg.melon.co.kr/cm/album/images/021/95/303/2195303_500.jpg/melon/resize/120/quality/80/optimize,Dance
사랑과 전쟁 (Narr. 하하),다비치,https://cdnimg.melon.co.kr/cm/album/images/003/88/456/388456_500.jpg/melon/resize/120/quality/80/optimize,Dance
Tell me (Sampling From 'Two Of Hearts'),원더걸스,https://cdnimg.melon.co.kr/cm/album/images/003/57/386/357386_500.jpg/melon/resize/120/quality/80/optimize,Dance
잘못된 만남,김건모,https://cdnimg.melon.co.kr/cm/album/images/000/03/707/3707_500.jpg/melon/resize/120/quality/80/optimize,Dance
Abracadabra,브라운아이드걸스,https://cdnimg.melon.co.kr/cm/album/images/006/03/751/603751_500.jpg/melon/resize/120/quality/80/optimize,Dance
파도,유엔,https://cdnimg.melon.co.kr/cm/album/images/000/33/475/33475_500.jpg/melon/resize/120/quality/80/optimize,Dance
Mr. Chu (On Stage),Apink (에이핑크),https://cdnimg.melon.co.kr/cm/album/images/022/46/854/2246854_500.jpg/melon/resize/120/quality/80/optimize,Dance
분홍신,아이유,https://cdnimg.melon.co.kr/cm/album/images/022/08/448/2208448_500.jpg/melon/resize/120/quality/80/optimize,Dance
LOVE ME RIGHT,EXO,https://cdnimg.melon.co.kr/cm/album/images/023/21/827/2321827_500.jpg/melon/resize/120/quality/80/optimize,Dance
STEP,카라,https://cdnimg.melon.co.kr/cm/album/images/020/09/327/2009327_500.jpg/melon/resize/120/quality/80/optimize,Dance
촛불하나,god,https://cdnimg.melon.co.kr/cm/album/images/000/00/717/717_500.jpg/melon/resize/120/quality/80/optimize,Dance
No.1,보아 (BoA),https://cdnimg.melon.co.kr/cm/album/images/000/16/305/16305_500.jpg/melon/resize/120/quality/80/optimize,Dance
보여줄게,에일리(Ailee),https://cdnimg.melon.co.kr/cm/album/images/021/53/251/2153251_500.jpg/melon/resize/120/quality/80/optimize,Dance
OOH-AHH하게,TWICE (트와이스),https://cdnimg.melon.co.kr/cm/album/images/026/45/617/2645617_500.jpg/melon/resize/120/quality/80/optimize,Dance
U-Go-Girl (With 낯선),이효리,https://cdnimg.melon.co.kr/cm/album/images/003/89/651/389651_500.jpg/melon/resize/120/quality/80/optimize,Dance
실연,코요태,https://cdnimg.melon.co.kr/cm/album/images/000/04/937/4937_500.jpg/melon/resize/120/quality/80/optimize,Dance
So Hot,원더걸스,https://cdnimg.melon.co.kr/cm/album/images/003/81/932/381932_500.jpg/melon/resize/120/quality/80/optimize,Dance
그녀와의 이별,김현정,https://cdnimg.melon.co.kr/cm/album/images/000/03/014/3014_500.jpg/melon/resize/120/quality/80/optimize,Dance
Diva,애프터스쿨,https://cdnimg.melon.co.kr/cm/album/images/005/37/052/537052_500.jpg/melon/resize/120/quality/80/optimize,Dance
심쿵해 (Heart Attack),AOA,https://cdnimg.melon.co.kr/cm/album/images/023/25/321/2325321_500.jpg/melon/resize/120/quality/80/optimize,Dance
3!4!,룰라,https://cdnimg.melon.co.kr/cm/album/images/000/05/349/5349_500.jpg/melon/resize/120/quality/80/optimize,Dance
UGLY,2NE1,https://cdnimg.melon.co.kr/cm/album/images/013/56/152/1356152_500.jpg/melon/resize/120/quality/80/optimize,Dance
Lion Heart,소녀시대 (GIRLS' GENERATION),https://cdnimg.melon.co.kr/cm/album/images/023/35/204/2335204_500.jpg/melon/resize/120/quality/80/optimize,Dance
Poison,엄정화,https://cdnimg.melon.co.kr/cm/album/images/000/04/311/4311_500.jpg/melon/resize/120/quality/80/optimize,Dance
"스물다섯, 스물하나",자우림,https://cdnimg.melon.co.kr/cm/album/images/022/10/557/2210557_500.jpg/melon/resize/120/quality/80/optimize,Rock/Metal
사랑했나봐,윤도현,https://cdnimg.melon.co.kr/cm/album/images/003/01/886/301886_500.jpg/melon/resize/120/quality/80/optimize,Rock/Metal
벚꽃 엔딩,버스커 버스커,https://cdnimg.melon.co.kr/cm/album/images/020/97/226/2097226_500.jpg/melon/resize/120/quality/80/optimize,Rock/Metal
기억을 걷는 시간,넬 (NELL),https://cdnimg.melon.co.kr/cm/album/images/003/74/383/374383_500.jpg/melon/resize/120/quality/80/optimize,Rock/Metal
남자를 몰라,버즈,https://cdnimg.melon.co.kr/cm/album/images/003/17/113/317113_500.jpg/melon/resize/120/quality/80/optimize,Rock/Metal
안아줘,정준일,https://cdnimg.melon.co.kr/cm/album/images/020/38/488/2038488_500.jpg/melon/resize/120/quality/80/optimize,Rock/Metal
사랑의 바보,더 넛츠 (The NuTs),https://cdnimg.melon.co.kr/cm/album/images/000/35/269/35269_500.jpg/melon/resize/120/quality/80/optimize,Rock/Metal
Monologue,버즈,https://cdnimg.melon.co.kr/cm2/album/images/000/32/889/32889_20220615123143_500.jpg/melon/resize/120/quality/80/optimize,Rock/Metal
겁쟁이,버즈,https://cdnimg.melon.co.kr/cm2/album/images/003/00/646/300646_20230306155609_500.jpg/melon/resize/120/quality/80/optimize,Rock/Metal
Never Ending Story,부활,https://cdnimg.melon.co.kr/cm/album/images/000/16/672/16672_500.jpg/melon/resize/120/quality/80/optimize,Rock/Metal
나에게로 떠나는 여행,버즈,https://cdnimg.melon.co.kr/cm2/album/images/003/00/646/300646_20230306155609_500.jpg/melon/resize/120/quality/80/optimize,Rock/Metal
위잉위잉,혁오 (HYUKOH),https://cdnimg.melon.co.kr/cm/album/images/022/82/505/2282505_500.jpg/melon/resize/120/quality/80/optimize,Rock/Metal
이미 슬픈 사랑,야다 (Yada),https://cdnimg.melon.co.kr/cm/album/images/000/05/446/5446_500.jpg/melon/resize/120/quality/80/optimize,Rock/Metal
사랑앓이,FTISLAND (FT아일랜드),https://cdnimg.melon.co.kr/cm/album/images/003/52/436/352436_500.jpg/melon/resize/120/quality/80/optimize,Rock/Metal
비밀번호 486,윤하 (YOUNHA),https://cdnimg.melon.co.kr/cm/album/images/003/47/264/347264_500.jpg/melon/resize/120/quality/80/optimize,Rock/Metal
고백,델리스파이스,https://cdnimg.melon.co.kr/cm/album/images/000/29/678/29678_500.jpg/melon/resize/120/quality/80/optimize,Rock/Metal
겨울을 걷는다,윤딴딴,https://cdnimg.melon.co.kr/cm/album/images/022/33/048/2233048_500.jpg/melon/resize/120/quality/80/optimize,Rock/Metal
Endless,플라워,https://cdnimg.melon.co.kr/cm/album/images/000/00/781/781_500.jpg/melon/resize/120/quality/80/optimize,Rock/Metal
여수 밤바다,버스커 버스커,https://cdnimg.melon.co.kr/cm/album/images/020/97/226/2097226_500.jpg/melon/resize/120/quality/80/optimize,Rock/Metal
그래서 그대는,얀,https://cdnimg.melon.co.kr/cm/album/images/000/16/605/16605_500.jpg/melon/resize/120/quality/80/optimize,Rock/Metal
고백,뜨거운 감자,https://cdnimg.melon.co.kr/cm/album/images/008/42/655/842655_500.jpg/melon/resize/120/quality/80/optimize,Rock/Metal
꽃송이가,버스커 버스커,https://cdnimg.melon.co.kr/cm/album/images/020/97/226/2097226_500.jpg/melon/resize/120/quality/80/optimize,Rock/Metal
발걸음,에메랄드 캐슬,https://cdnimg.melon.co.kr/cm/album/images/000/05/242/5242_500.jpg/melon/resize/120/quality/80/optimize,Rock/Metal
My Love (And),버즈,https://cdnimg.melon.co.kr/cm/album/images/003/17/113/317113_500.jpg/melon/resize/120/quality/80/optimize,Rock/Metal
처음엔 사랑이란게,버스커 버스커,https://cdnimg.melon.co.kr/cm/album/images/022/02/410/2202410_500.jpg/melon/resize/120/quality/80/optimize,Rock/Metal
흰수염고래,YB (윤도현 밴드),https://cdnimg.melon.co.kr/cm/album/images/020/37/979/2037979_500.jpg/melon/resize/120/quality/80/optimize,Rock/Metal
낭만고양이,체리필터 (cherryfilter),https://cdnimg.melon.co.kr/cm/album/images/000/16/600/16600_500.jpg/melon/resize/120/quality/80/optimize,Rock/Metal
바래,FTISLAND (FT아일랜드),https://cdnimg.melon.co.kr/cm/album/images/006/05/252/605252_500.jpg/melon/resize/120/quality/80/optimize,Rock/Metal
질풍가도 ('쾌걸 근육맨 2세' 1기 여는노래),유정석,https://cdnimg.melon.co.kr/cm/album/images/003/16/819/316819_500.jpg/melon/resize/120/quality/80/optimize,Rock/Metal
금지된 사랑,김경호,https://cdnimg.melon.co.kr/cm/album/images/000/03/022/3022_500.jpg/melon/resize/120/quality/80/optimize,Rock/Metal
고백,정준일,https://cdnimg.melon.co.kr/cm/album/images/022/26/707/2226707_500.jpg/melon/resize/120/quality/80/optimize,Rock/Metal
영원,스카이,https://cdnimg.melon.co.kr/cm2/album/images/000/07/874/7874_20250312180002_500.jpg/melon/resize/120/quality/80/optimize,Rock/Metal
사랑 Two,윤도현,https://cdnimg.melon.co.kr/cm/album/images/000/04/360/4360_500.jpg/melon/resize/120/quality/80/optimize,Rock/Metal
너를 보내고,YB (윤도현 밴드),https://cdnimg.melon.co.kr/cm/album/images/000/04/372/4372_500.jpg/melon/resize/120/quality/80/optimize,Rock/Metal
은인,버즈,https://cdnimg.melon.co.kr/cm/album/images/003/17/113/317113_500.jpg/melon/resize/120/quality/80/optimize,Rock/Metal
정말로 사랑한다면,버스커 버스커,https://cdnimg.melon.co.kr/cm/album/images/021/28/229/2128229_500.jpg/melon/resize/120/quality/80/optimize,Rock/Metal
생각이나,부활,https://cdnimg.melon.co.kr/cm/album/images/006/32/858/632858_500.jpg/melon/resize/120/quality/80/optimize,Rock/Metal
하늘 끝에서 흘린 눈물,주니퍼,https://cdnimg.melon.co.kr/cm/album/images/000/07/655/7655_500.jpg/melon/resize/120/quality/80/optimize,Rock/Metal
나는 나비,YB (윤도현 밴드),https://cdnimg.melon.co.kr/cm/album/images/003/24/019/324019_500.jpg/melon/resize/120/quality/80/optimize,Rock/Metal
첫사랑,버스커 버스커,https://cdnimg.melon.co.kr/cm/album/images/020/97/226/2097226_500.jpg/melon/resize/120/quality/80/optimize,Rock/Metal
혜성,윤하 (YOUNHA),https://cdnimg.melon.co.kr/cm/album/images/003/59/890/359890_500.jpg/melon/resize/120/quality/80/optimize,Rock/Metal
사랑하는 법을 몰라서,FTISLAND (FT아일랜드),https://cdnimg.melon.co.kr/cm/album/images/003/52/436/352436_500.jpg/melon/resize/120/quality/80/optimize,Rock/Metal
하늘을 달리다,이적,https://cdnimg.melon.co.kr/cm/album/images/000/31/121/31121_500.jpg/melon/resize/120/quality/80/optimize,Rock/Metal
봄날은 간다,김윤아,https://cdnimg.melon.co.kr/cm/album/images/000/10/024/10024_500.jpg/melon/resize/120/quality/80/optimize,Rock/Metal
와리가리,혁오 (HYUKOH),https://cdnimg.melon.co.kr/cm/album/images/023/20/721/2320721_500.jpg/melon/resize/120/quality/80/optimize,Rock/Metal
외톨이야,CNBLUE (씨엔블루),https://cdnimg.melon.co.kr/cm/album/images/007/68/154/768154_500.jpg/melon/resize/120/quality/80/optimize,Rock/Metal
해바라기 (그녀에게..),박상민,https://cdnimg.melon.co.kr/cm/album/images/000/33/800/33800_500.jpg/melon/resize/120/quality/80/optimize,Rock/Metal
다시 사랑한다면,도원경,https://cdnimg.melon.co.kr/cm/album/images/000/02/255/2255_500.jpg/melon/resize/120/quality/80/optimize,Rock/Metal
천년의 사랑,박완규,https://cdnimg.melon.co.kr/cm/album/images/000/03/864/3864_500.jpg/melon/resize/120/quality/80/optimize,Rock/Metal
그땐 미처 알지 못했지 (Feat. 하림 On Harmonica),이적,https://cdnimg.melon.co.kr/cm/album/images/000/31/121/31121_500.jpg/melon/resize/120/quality/80/optimize,Rock/Metal
"스물다섯, 스물하나",자우림,https://cdnimg.melon.co.kr/cm/album/images/022/10/557/2210557_500.jpg/melon/resize/120/quality/80/optimize,Rock/Metal
사랑했나봐,윤도현,https://cdnimg.melon.co.kr/cm/album/images/003/01/886/301886_500.jpg/melon/resize/120/quality/80/optimize,Rock/Metal
벚꽃 엔딩,버스커 버스커,https://cdnimg.melon.co.kr/cm/album/images/020/97/226/2097226_500.jpg/melon/resize/120/quality/80/optimize,Rock/Metal
기억을 걷는 시간,넬 (NELL),https://cdnimg.melon.co.kr/cm/album/images/003/74/383/374383_500.jpg/melon/resize/120/quality/80/optimize,Rock/Metal
남자를 몰라,버즈,https://cdnimg.melon.co.kr/cm/album/images/003/17/113/317113_500.jpg/melon/resize/120/quality/80/optimize,Rock/Metal
안아줘,정준일,https://cdnimg.melon.co.kr/cm/album/images/020/38/488/2038488_500.jpg/melon/resize/120/quality/80/optimize,Rock/Metal
사랑의 바보,더 넛츠 (The NuTs),https://cdnimg.melon.co.kr/cm/album/images/000/35/269/35269_500.jpg/melon/resize/120/quality/80/optimize,Rock/Metal
Monologue,버즈,https://cdnimg.melon.co.kr/cm2/album/images/000/32/889/32889_20220615123143_500.jpg/melon/resize/120/quality/80/optimize,Rock/Metal
겁쟁이,버즈,https://cdnimg.melon.co.kr/cm2/album/images/003/00/646/300646_20230306155609_500.jpg/melon/resize/120/quality/80/optimize,Rock/Metal
Never Ending Story,부활,https://cdnimg.melon.co.kr/cm/album/images/000/16/672/16672_500.jpg/melon/resize/120/quality/80/optimize,Rock/Metal
나에게로 떠나는 여행,버즈,https://cdnimg.melon.co.kr/cm2/album/images/003/00/646/300646_20230306155609_500.jpg/melon/resize/120/quality/80/optimize,Rock/Metal
위잉위잉,혁오 (HYUKOH),https://cdnimg.melon.co.kr/cm/album/images/022/82/505/2282505_500.jpg/melon/resize/120/quality/80/optimize,Rock/Metal
이미 슬픈 사랑,야다 (Yada),https://cdnimg.melon.co.kr/cm/album/images/000/05/446/5446_500.jpg/melon/resize/120/quality/80/optimize,Rock/Metal
사랑앓이,FTISLAND (FT아일랜드),https://cdnimg.melon.co.kr/cm/album/images/003/52/436/352436_500.jpg/melon/resize/120/quality/80/optimize,Rock/Metal
비밀번호 486,윤하 (YOUNHA),https://cdnimg.melon.co.kr/cm/album/images/003/47/264/347264_500.jpg/melon/resize/120/quality/80/optimize,Rock/Metal
고백,델리스파이스,https://cdnimg.melon.co.kr/cm/album/images/000/29/678/29678_500.jpg/melon/resize/120/quality/80/optimize,Rock/Metal
겨울을 걷는다,윤딴딴,https://cdnimg.melon.co.kr/cm/album/images/022/33/048/2233048_500.jpg/melon/resize/120/quality/80/optimize,Rock/Metal
Endless,플라워,https://cdnimg.melon.co.kr/cm/album/images/000/00/781/781_500.jpg/melon/resize/120/quality/80/optimize,Rock/Metal
여수 밤바다,버스커 버스커,https://cdnimg.melon.co.kr/cm/album/images/020/97/226/2097226_500.jpg/melon/resize/120/quality/80/optimize,Rock/Metal
그래서 그대는,얀,https://cdnimg.melon.co.kr/cm/album/images/000/16/605/16605_500.jpg/melon/resize/120/quality/80/optimize,Rock/Metal
고백,뜨거운 감자,https://cdnimg.melon.co.kr/cm/album/images/008/42/655/842655_500.jpg/melon/resize/120/quality/80/optimize,Rock/Metal
꽃송이가,버스커 버스커,https://cdnimg.melon.co.kr/cm/album/images/020/97/226/2097226_500.jpg/melon/resize/120/quality/80/optimize,Rock/Metal
발걸음,에메랄드 캐슬,https://cdnimg.melon.co.kr/cm/album/images/000/05/242/5242_500.jpg/melon/resize/120/quality/80/optimize,Rock/Metal
My Love (And),버즈,https://cdnimg.melon.co.kr/cm/album/images/003/17/113/317113_500.jpg/melon/resize/120/quality/80/optimize,Rock/Metal
처음엔 사랑이란게,버스커 버스커,https://cdnimg.melon.co.kr/cm/album/images/022/02/410/2202410_500.jpg/melon/resize/120/quality/80/optimize,Rock/Metal
흰수염고래,YB (윤도현 밴드),https://cdnimg.melon.co.kr/cm/album/images/020/37/979/2037979_500.jpg/melon/resize/120/quality/80/optimize,Rock/Metal
낭만고양이,체리필터 (cherryfilter),https://cdnimg.melon.co.kr/cm/album/images/000/16/600/16600_500.jpg/melon/resize/120/quality/80/optimize,Rock/Metal
바래,FTISLAND (FT아일랜드),https://cdnimg.melon.co.kr/cm/album/images/006/05/252/605252_500.jpg/melon/resize/120/quality/80/optimize,Rock/Metal
질풍가도 ('쾌걸 근육맨 2세' 1기 여는노래),유정석,https://cdnimg.melon.co.kr/cm/album/images/003/16/819/316819_500.jpg/melon/resize/120/quality/80/optimize,Rock/Metal
금지된 사랑,김경호,https://cdnimg.melon.co.kr/cm/album/images/000/03/022/3022_500.jpg/melon/resize/120/quality/80/optimize,Rock/Metal
고백,정준일,https://cdnimg.melon.co.kr/cm/album/images/022/26/707/2226707_500.jpg/melon/resize/120/quality/80/optimize,Rock/Metal
영원,스카이,https://cdnimg.melon.co.kr/cm2/album/images/000/07/874/7874_20250312180002_500.jpg/melon/resize/120/quality/80/optimize,Rock/Metal
사랑 Two,윤도현,https://cdnimg.melon.co.kr/cm/album/images/000/04/360/4360_500.jpg/melon/resize/120/quality/80/optimize,Rock/Metal
너를 보내고,YB (윤도현 밴드),https://cdnimg.melon.co.kr/cm/album/images/000/04/372/4372_500.jpg/melon/resize/120/quality/80/optimize,Rock/Metal
은인,버즈,https://cdnimg.melon.co.kr/cm/album/images/003/17/113/317113_500.jpg/melon/resize/120/quality/80/optimize,Rock/Metal
정말로 사랑한다면,버스커 버스커,https://cdnimg.melon.co.kr/cm/album/images/021/28/229/2128229_500.jpg/melon/resize/120/quality/80/optimize,Rock/Metal
생각이나,부활,https://cdnimg.melon.co.kr/cm/album/images/006/32/858/632858_500.jpg/melon/resize/120/quality/80/optimize,Rock/Metal
하늘 끝에서 흘린 눈물,주니퍼,https://cdnimg.melon.co.kr/cm/album/images/000/07/655/7655_500.jpg/melon/resize/120/quality/80/optimize,Rock/Metal
나는 나비,YB (윤도현 밴드),https://cdnimg.melon.co.kr/cm/album/images/003/24/019/324019_500.jpg/melon/resize/120/quality/80/optimize,Rock/Metal
첫사랑,버스커 버스커,https://cdnimg.melon.co.kr/cm/album/images/020/97/226/2097226_500.jpg/melon/resize/120/quality/80/optimize,Rock/Metal
혜성,윤하 (YOUNHA),https://cdnimg.melon.co.kr/cm/album/images/003/59/890/359890_500.jpg/melon/resize/120/quality/80/optimize,Rock/Metal
사랑하는 법을 몰라서,FTISLAND (FT아일랜드),https://cdnimg.melon.co.kr/cm/album/images/003/52/436/352436_500.jpg/melon/resize/120/quality/80/optimize,Rock/Metal
하늘을 달리다,이적,https://cdnimg.melon.co.kr/cm/album/images/000/31/121/31121_500.jpg/melon/resize/120/quality/80/optimize,Rock/Metal
봄날은 간다,김윤아,https://cdnimg.melon.co.kr/cm/album/images/000/10/024/10024_500.jpg/melon/resize/120/quality/80/optimize,Rock/Metal
와리가리,혁오 (HYUKOH),https://cdnimg.melon.co.kr/cm/album/images/023/20/721/2320721_500.jpg/melon/resize/120/quality/80/optimize,Rock/Metal
외톨이야,CNBLUE (씨엔블루),https://cdnimg.melon.co.kr/cm/album/images/007/68/154/768154_500.jpg/melon/resize/120/quality/80/optimize,Rock/Metal
해바라기 (그녀에게..),박상민,https://cdnimg.melon.co.kr/cm/album/images/000/33/800/33800_500.jpg/melon/resize/120/quality/80/optimize,Rock/Metal
다시 사랑한다면,도원경,https://cdnimg.melon.co.kr/cm/album/images/000/02/255/2255_500.jpg/melon/resize/120/quality/80/optimize,Rock/Metal
천년의 사랑,박완규,https://cdnimg.melon.co.kr/cm/album/images/000/03/864/3864_500.jpg/melon/resize/120/quality/80/optimize,Rock/Metal
그땐 미처 알지 못했지 (Feat. 하림 On Harmonica),이적,https://cdnimg.melon.co.kr/cm/album/images/000/31/121/31121_500.jpg/melon/resize/120/quality/80/optimize,Rock/Metal
Y (Please Tell Me Why),프리스타일,https://cdnimg.melon.co.kr/cm/album/images/000/35/102/35102_500.jpg/melon/resize/120/quality/80/optimize,Hip-Hop
어땠을까 (Feat. 박정현),싸이 (PSY),https://cdnimg.melon.co.kr/cm/album/images/021/37/275/2137275_500.jpg/melon/resize/120/quality/80/optimize,Hip-Hop
"헤어지지 못하는 여자, 떠나가지 못하는 남자 (Feat. 정인)",리쌍,https://cdnimg.melon.co.kr/cm/album/images/006/82/952/682952_500.jpg/melon/resize/120/quality/80/optimize,Hip-Hop
한여름밤의 꿀,San E (산이),https://cdnimg.melon.co.kr/cm/album/images/022/60/223/2260223_500.jpg/melon/resize/120/quality/80/optimize,Hip-Hop
Officially Missing You,긱스 (Geeks),https://cdnimg.melon.co.kr/cm/album/images/011/96/552/1196552_500.jpg/melon/resize/120/quality/80/optimize,Hip-Hop
자니 (Feat. Dynamic Duo),프라이머리,https://cdnimg.melon.co.kr/cm/album/images/020/89/047/2089047_500.jpg/melon/resize/120/quality/80/optimize,Hip-Hop
죽일 놈 (Guilty),다이나믹 듀오,https://cdnimg.melon.co.kr/cm/album/images/006/84/955/684955_500.jpg/melon/resize/120/quality/80/optimize,Hip-Hop
죽을 만큼 아파서 (Feat. 멜로우),MC몽,https://cdnimg.melon.co.kr/cm/album/images/009/35/651/935651_500.jpg/melon/resize/120/quality/80/optimize,Hip-Hop
I Love U Oh Thank U (Feat. 김태우 Of God),MC몽,https://cdnimg.melon.co.kr/cm/album/images/003/02/961/302961_500.jpg/melon/resize/120/quality/80/optimize,Hip-Hop
너에게 쓰는 편지 (Feat. 린),MC몽,https://cdnimg.melon.co.kr/cm/album/images/000/34/486/34486_500.jpg/melon/resize/120/quality/80/optimize,Hip-Hop
삐딱하게 (Crooked),G-DRAGON,https://cdnimg.melon.co.kr/cm/album/images/021/99/192/2199192_500.jpg/melon/resize/120/quality/80/optimize,Hip-Hop
뜨거운 안녕 (Feat. 성시경),싸이 (PSY),https://cdnimg.melon.co.kr/cm/album/images/021/37/275/2137275_500.jpg/melon/resize/120/quality/80/optimize,Hip-Hop
Ballerino,리쌍,https://cdnimg.melon.co.kr/cm/album/images/003/51/473/351473_500.jpg/melon/resize/120/quality/80/optimize,Hip-Hop
그땐 그땐 그땐,Supreme Team,https://cdnimg.melon.co.kr/cm/album/images/010/30/195/1030195_500.jpg/melon/resize/120/quality/80/optimize,Hip-Hop
예술이야,싸이 (PSY),https://cdnimg.melon.co.kr/cm/album/images/010/44/555/1044555_500.jpg/melon/resize/120/quality/80/optimize,Hip-Hop
내 생애 가장 행복한 시간 (Feat. 허각),MC몽,https://cdnimg.melon.co.kr/cm/album/images/022/88/687/2288687_500.jpg/melon/resize/120/quality/80/optimize,Hip-Hop
Love Love Love (Feat. Yoong Jin Of Casker),에픽하이 (EPIK HIGH),https://cdnimg.melon.co.kr/cm/album/images/003/42/967/342967_500.jpg/melon/resize/120/quality/80/optimize,Hip-Hop
Aqua Man,빈지노 (Beenzino),https://cdnimg.melon.co.kr/cm/album/images/021/34/788/2134788_500.jpg/melon/resize/120/quality/80/optimize,Hip-Hop
고백(Go Back) (Feat.정인),다이나믹 듀오,https://cdnimg.melon.co.kr/cm/album/images/003/09/097/309097_500.jpg/melon/resize/120/quality/80/optimize,Hip-Hop
"? (물음표) (Feat. 최자 Of 다이나믹듀오, Zion.T)",프라이머리,https://cdnimg.melon.co.kr/cm/album/images/021/61/126/2161126_500.jpg/melon/resize/120/quality/80/optimize,Hip-Hop
수취인 불명,프리스타일,https://cdnimg.melon.co.kr/cm/album/images/003/45/359/345359_500.jpg/melon/resize/120/quality/80/optimize,Hip-Hop
눈물 (Feat. 유진 Of 더 씨야),리쌍,https://cdnimg.melon.co.kr/cm/album/images/021/73/499/2173499_500.jpg/melon/resize/120/quality/80/optimize,Hip-Hop
"씨스루 (Feat. Zion.T, 개코 Of 다이나믹듀오)",프라이머리,https://cdnimg.melon.co.kr/cm/album/images/021/61/126/2161126_500.jpg/melon/resize/120/quality/80/optimize,Hip-Hop
Missing You (Feat. 김윤아 Of 자우림),G-DRAGON,https://cdnimg.melon.co.kr/cm/album/images/021/47/867/2147867_500.jpg/melon/resize/120/quality/80/optimize,Hip-Hop
니가 뭔데 (Who You?),G-DRAGON,https://cdnimg.melon.co.kr/cm/album/images/021/99/192/2199192_500.jpg/melon/resize/120/quality/80/optimize,Hip-Hop
겁 (Feat. 태양),MINO (송민호),https://cdnimg.melon.co.kr/cm/album/images/023/36/184/2336184_500.jpg/melon/resize/120/quality/80/optimize,Hip-Hop
광대 (Feat. B.M.K),리쌍,https://cdnimg.melon.co.kr/cm/album/images/003/08/473/308473_500.jpg/melon/resize/120/quality/80/optimize,Hip-Hop
Bk Love,MC 스나이퍼,https://cdnimg.melon.co.kr/cm/album/images/000/40/134/40134_500.jpg/melon/resize/120/quality/80/optimize,Hip-Hop
Black (Feat. 제니 of BLACKPINK),G-DRAGON,https://cdnimg.melon.co.kr/cm/album/images/021/99/192/2199192_500.jpg/melon/resize/120/quality/80/optimize,Hip-Hop
몽환의 숲 (Feat. 이루마),키네틱 플로우,https://cdnimg.melon.co.kr/cm/album/images/003/14/324/314324_500.jpg/melon/resize/120/quality/80/optimize,Hip-Hop
로맨틱 겨울 (Feat. 김진호 Of SG워너비),김진표,https://cdnimg.melon.co.kr/cm/album/images/007/45/152/745152_500.jpg/melon/resize/120/quality/80/optimize,Hip-Hop
바람이나 좀 쐐 (Feat. 우혜미),개리,https://cdnimg.melon.co.kr/cm/album/images/026/40/915/2640915_500.jpg/melon/resize/120/quality/80/optimize,Hip-Hop
눈물샤워 (Feat. 에일리),배치기,https://cdnimg.melon.co.kr/cm/album/images/021/72/455/2172455_500.jpg/melon/resize/120/quality/80/optimize,Hip-Hop
사람냄새,정인,https://cdnimg.melon.co.kr/cm/album/images/022/58/044/2258044_500.jpg/melon/resize/120/quality/80/optimize,Hip-Hop
강남스타일,싸이 (PSY),https://cdnimg.melon.co.kr/cm/album/images/021/37/275/2137275_500.jpg/melon/resize/120/quality/80/optimize,Hip-Hop
Boogie On & On,빈지노 (Beenzino),https://cdnimg.melon.co.kr/cm/album/images/021/34/788/2134788_500.jpg/melon/resize/120/quality/80/optimize,Hip-Hop
착해 빠졌어 (Stupid In Love),소유 (SOYOU),https://cdnimg.melon.co.kr/cm/album/images/022/00/521/2200521_500.jpg/melon/resize/120/quality/80/optimize,Hip-Hop
GOOD BOY,GD X TAEYANG,https://cdnimg.melon.co.kr/cm/album/images/022/91/669/2291669_500.jpg/melon/resize/120/quality/80/optimize,Hip-Hop
"TV를 껐네... (Feat. t윤미래, 권정열 Of 10cm)",리쌍,https://cdnimg.melon.co.kr/cm/album/images/020/07/739/2007739_500.jpg/melon/resize/120/quality/80/optimize,Hip-Hop
사랑 범벅 (Feat. 챈슬러 of the channels),MC몽,https://cdnimg.melon.co.kr/cm/album/images/023/06/686/2306686_500.jpg/melon/resize/120/quality/80/optimize,Hip-Hop
"서커스 (Feat. 임유경 - 달래 음악단 , ＄howgun)",MC몽,https://cdnimg.melon.co.kr/cm/album/images/003/76/194/376194_500.jpg/melon/resize/120/quality/80/optimize,Hip-Hop
친구여 (Feat. 인순이),조pd (ZoPD),https://cdnimg.melon.co.kr/cm/album/images/000/34/231/34231_500.jpg/melon/resize/120/quality/80/optimize,Hip-Hop
사이먼 도미닉,사이먼 도미닉,https://cdnimg.melon.co.kr/cm/album/images/023/34/436/2334436_500.jpg/melon/resize/120/quality/80/optimize,Hip-Hop
One (Feat. 지선),에픽하이 (EPIK HIGH),https://cdnimg.melon.co.kr/cm/album/images/003/76/100/376100_500.jpg/melon/resize/120/quality/80/optimize,Hip-Hop
취향저격,iKON,https://cdnimg.melon.co.kr/cm/album/images/026/40/151/2640151_500.jpg/melon/resize/120/quality/80/optimize,Hip-Hop
니가 모르게 (You Don't Know),로꼬,https://cdnimg.melon.co.kr/cm/album/images/022/92/246/2292246_500.jpg/melon/resize/120/quality/80/optimize,Hip-Hop
검은 행복,윤미래,https://cdnimg.melon.co.kr/cm/album/images/003/45/409/345409_500.jpg/melon/resize/120/quality/80/optimize,Hip-Hop
외톨이,아웃사이더,https://cdnimg.melon.co.kr/cm/album/images/005/76/054/576054_500.jpg/melon/resize/120/quality/80/optimize,Hip-Hop
좋아보여 (Feat. 검정치마),버벌진트,https://cdnimg.melon.co.kr/cm/album/images/020/09/410/2009410_500.jpg/melon/resize/120/quality/80/optimize,Hip-Hop
경고,타샤니,https://cdnimg.melon.co.kr/cm/album/images/000/05/376/5376_500.jpg/melon/resize/120/quality/80/optimize,Hip-Hop
Y (Please Tell Me Why),프리스타일,https://cdnimg.melon.co.kr/cm/album/images/000/35/102/35102_500.jpg/melon/resize/120/quality/80/optimize,Hip-Hop
어땠을까 (Feat. 박정현),싸이 (PSY),https://cdnimg.melon.co.kr/cm/album/images/021/37/275/2137275_500.jpg/melon/resize/120/quality/80/optimize,Hip-Hop
"헤어지지 못하는 여자, 떠나가지 못하는 남자 (Feat. 정인)",리쌍,https://cdnimg.melon.co.kr/cm/album/images/006/82/952/682952_500.jpg/melon/resize/120/quality/80/optimize,Hip-Hop
한여름밤의 꿀,San E (산이),https://cdnimg.melon.co.kr/cm/album/images/022/60/223/2260223_500.jpg/melon/resize/120/quality/80/optimize,Hip-Hop
Officially Missing You,긱스 (Geeks),https://cdnimg.melon.co.kr/cm/album/images/011/96/552/1196552_500.jpg/melon/resize/120/quality/80/optimize,Hip-Hop
자니 (Feat. Dynamic Duo),프라이머리,https://cdnimg.melon.co.kr/cm/album/images/020/89/047/2089047_500.jpg/melon/resize/120/quality/80/optimize,Hip-Hop
죽일 놈 (Guilty),다이나믹 듀오,https://cdnimg.melon.co.kr/cm/album/images/006/84/955/684955_500.jpg/melon/resize/120/quality/80/optimize,Hip-Hop
죽을 만큼 아파서 (Feat. 멜로우),MC몽,https://cdnimg.melon.co.kr/cm/album/images/009/35/651/935651_500.jpg/melon/resize/120/quality/80/optimize,Hip-Hop
I Love U Oh Thank U (Feat. 김태우 Of God),MC몽,https://cdnimg.melon.co.kr/cm/album/images/003/02/961/302961_500.jpg/melon/resize/120/quality/80/optimize,Hip-Hop
너에게 쓰는 편지 (Feat. 린),MC몽,https://cdnimg.melon.co.kr/cm/album/images/000/34/486/34486_500.jpg/melon/resize/120/quality/80/optimize,Hip-Hop
삐딱하게 (Crooked),G-DRAGON,https://cdnimg.melon.co.kr/cm/album/images/021/99/192/2199192_500.jpg/melon/resize/120/quality/80/optimize,Hip-Hop
뜨거운 안녕 (Feat. 성시경),싸이 (PSY),https://cdnimg.melon.co.kr/cm/album/images/021/37/275/2137275_500.jpg/melon/resize/120/quality/80/optimize,Hip-Hop
Ballerino,리쌍,https://cdnimg.melon.co.kr/cm/album/images/003/51/473/351473_500.jpg/melon/resize/120/quality/80/optimize,Hip-Hop
그땐 그땐 그땐,Supreme Team,https://cdnimg.melon.co.kr/cm/album/images/010/30/195/1030195_500.jpg/melon/resize/120/quality/80/optimize,Hip-Hop
예술이야,싸이 (PSY),https://cdnimg.melon.co.kr/cm/album/images/010/44/555/1044555_500.jpg/melon/resize/120/quality/80/optimize,Hip-Hop
내 생애 가장 행복한 시간 (Feat. 허각),MC몽,https://cdnimg.melon.co.kr/cm/album/images/022/88/687/2288687_500.jpg/melon/resize/120/quality/80/optimize,Hip-Hop
Love Love Love (Feat. Yoong Jin Of Casker),에픽하이 (EPIK HIGH),https://cdnimg.melon.co.kr/cm/album/images/003/42/967/342967_500.jpg/melon/resize/120/quality/80/optimize,Hip-Hop
Aqua Man,빈지노 (Beenzino),https://cdnimg.melon.co.kr/cm/album/images/021/34/788/2134788_500.jpg/melon/resize/120/quality/80/optimize,Hip-Hop
고백(Go Back) (Feat.정인),다이나믹 듀오,https://cdnimg.melon.co.kr/cm/album/images/003/09/097/309097_500.jpg/melon/resize/120/quality/80/optimize,Hip-Hop
"? (물음표) (Feat. 최자 Of 다이나믹듀오, Zion.T)",프라이머리,https://cdnimg.melon.co.kr/cm/album/images/021/61/126/2161126_500.jpg/melon/resize/120/quality/80/optimize,Hip-Hop
수취인 불명,프리스타일,https://cdnimg.melon.co.kr/cm/album/images/003/45/359/345359_500.jpg/melon/resize/120/quality/80/optimize,Hip-Hop
눈물 (Feat. 유진 Of 더 씨야),리쌍,https://cdnimg.melon.co.kr/cm/album/images/021/73/499/2173499_500.jpg/melon/resize/120/quality/80/optimize,Hip-Hop
"씨스루 (Feat. Zion.T, 개코 Of 다이나믹듀오)",프라이머리,https://cdnimg.melon.co.kr/cm/album/images/021/61/126/2161126_500.jpg/melon/resize/120/quality/80/optimize,Hip-Hop
Missing You (Feat. 김윤아 Of 자우림),G-DRAGON,https://cdnimg.melon.co.kr/cm/album/images/021/47/867/2147867_500.jpg/melon/resize/120/quality/80/optimize,Hip-Hop
니가 뭔데 (Who You?),G-DRAGON,https://cdnimg.melon.co.kr/cm/album/images/021/99/192/2199192_500.jpg/melon/resize/120/quality/80/optimize,Hip-Hop
겁 (Feat. 태양),MINO (송민호),https://cdnimg.melon.co.kr/cm/album/images/023/36/184/2336184_500.jpg/melon/resize/120/quality/80/optimize,Hip-Hop
광대 (Feat. B.M.K),리쌍,https://cdnimg.melon.co.kr/cm/album/images/003/08/473/308473_500.jpg/melon/resize/120/quality/80/optimize,Hip-Hop
Bk Love,MC 스나이퍼,https://cdnimg.melon.co.kr/cm/album/images/000/40/134/40134_500.jpg/melon/resize/120/quality/80/optimize,Hip-Hop
Black (Feat. 제니 of BLACKPINK),G-DRAGON,https://cdnimg.melon.co.kr/cm/album/images/021/99/192/2199192_500.jpg/melon/resize/120/quality/80/optimize,Hip-Hop
몽환의 숲 (Feat. 이루마),키네틱 플로우,https://cdnimg.melon.co.kr/cm/album/images/003/14/324/314324_500.jpg/melon/resize/120/quality/80/optimize,Hip-Hop
로맨틱 겨울 (Feat. 김진호 Of SG워너비),김진표,https://cdnimg.melon.co.kr/cm/album/images/007/45/152/745152_500.jpg/melon/resize/120/quality/80/optimize,Hip-Hop
바람이나 좀 쐐 (Feat. 우혜미),개리,https://cdnimg.melon.co.kr/cm/album/images/026/40/915/2640915_500.jpg/melon/resize/120/quality/80/optimize,Hip-Hop
눈물샤워 (Feat. 에일리),배치기,https://cdnimg.melon.co.kr/cm/album/images/021/72/455/2172455_500.jpg/melon/resize/120/quality/80/optimize,Hip-Hop
사람냄새,정인,https://cdnimg.melon.co.kr/cm/album/images/022/58/044/2258044_500.jpg/melon/resize/120/quality/80/optimize,Hip-Hop
강남스타일,싸이 (PSY),https://cdnimg.melon.co.kr/cm/album/images/021/37/275/2137275_500.jpg/melon/resize/120/quality/80/optimize,Hip-Hop
Boogie On & On,빈지노 (Beenzino),https://cdnimg.melon.co.kr/cm/album/images/021/34/788/2134788_500.jpg/melon/resize/120/quality/80/optimize,Hip-Hop
착해 빠졌어 (Stupid In Love),소유 (SOYOU),https://cdnimg.melon.co.kr/cm/album/images/022/00/521/2200521_500.jpg/melon/resize/120/quality/80/optimize,Hip-Hop
GOOD BOY,GD X TAEYANG,https://cdnimg.melon.co.kr/cm/album/images/022/91/669/2291669_500.jpg/melon/resize/120/quality/80/optimize,Hip-Hop
"TV를 껐네... (Feat. t윤미래, 권정열 Of 10cm)",리쌍,https://cdnimg.melon.co.kr/cm/album/images/020/07/739/2007739_500.jpg/melon/resize/120/quality/80/optimize,Hip-Hop
사랑 범벅 (Feat. 챈슬러 of the channels),MC몽,https://cdnimg.melon.co.kr/cm/album/images/023/06/686/2306686_500.jpg/melon/resize/120/quality/80/optimize,Hip-Hop
"서커스 (Feat. 임유경 - 달래 음악단 , ＄howgun)",MC몽,https://cdnimg.melon.co.kr/cm/album/images/003/76/194/376194_500.jpg/melon/resize/120/quality/80/optimize,Hip-Hop
친구여 (Feat. 인순이),조pd (ZoPD),https://cdnimg.melon.co.kr/cm/album/images/000/34/231/34231_500.jpg/melon/resize/120/quality/80/optimize,Hip-Hop
사이먼 도미닉,사이먼 도미닉,https://cdnimg.melon.co.kr/cm/album/images/023/34/436/2334436_500.jpg/melon/resize/120/quality/80/optimize,Hip-Hop
One (Feat. 지선),에픽하이 (EPIK HIGH),https://cdnimg.melon.co.kr/cm/album/images/003/76/100/376100_500.jpg/melon/resize/120/quality/80/optimize,Hip-Hop
취향저격,iKON,https://cdnimg.melon.co.kr/cm/album/images/026/40/151/2640151_500.jpg/melon/resize/120/quality/80/optimize,Hip-Hop
니가 모르게 (You Don't Know),로꼬,https://cdnimg.melon.co.kr/cm/album/images/022/92/246/2292246_500.jpg/melon/resize/120/quality/80/optimize,Hip-Hop
검은 행복,윤미래,https://cdnimg.melon.co.kr/cm/album/images/003/45/409/345409_500.jpg/melon/resize/120/quality/80/optimize,Hip-Hop
외톨이,아웃사이더,https://cdnimg.melon.co.kr/cm/album/images/005/76/054/576054_500.jpg/melon/resize/120/quality/80/optimize,Hip-Hop
좋아보여 (Feat. 검정치마),버벌진트,https://cdnimg.melon.co.kr/cm/album/images/020/09/410/2009410_500.jpg/melon/resize/120/quality/80/optimize,Hip-Hop
경고,타샤니,https://cdnimg.melon.co.kr/cm/album/images/000/05/376/5376_500.jpg/melon/resize/120/quality/80/optimize,Hip-Hop
스토커,10CM,https://cdnimg.melon.co.kr/cm/album/images/022/90/452/2290452_500.jpg/melon/resize/120/quality/80/optimize,Folk/Blues
200%,AKMU (악뮤),https://cdnimg.melon.co.kr/cm/album/images/022/49/127/2249127_500.jpg/melon/resize/120/quality/80/optimize,Folk/Blues
Give Love,AKMU (악뮤),https://cdnimg.melon.co.kr/cm/album/images/022/49/127/2249127_500.jpg/melon/resize/120/quality/80/optimize,Folk/Blues
사랑은 은하수 다방에서,10CM,https://cdnimg.melon.co.kr/cm/album/images/011/66/956/1166956_500.jpg/melon/resize/120/quality/80/optimize,Folk/Blues
마음,아이유,https://cdnimg.melon.co.kr/cm/album/images/023/19/008/2319008_500.jpg/melon/resize/120/quality/80/optimize,Folk/Blues
"너에게 난, 나에게 넌",자전거 탄 풍경,https://cdnimg.melon.co.kr/cm/album/images/000/02/412/2412_500.jpg/melon/resize/120/quality/80/optimize,Folk/Blues
Little Star,스탠딩 에그,https://cdnimg.melon.co.kr/cm/album/images/013/28/152/1328152_500.jpg/melon/resize/120/quality/80/optimize,Folk/Blues
청춘 (Feat. 김창완),김필,https://cdnimg.melon.co.kr/cm/album/images/026/48/091/2648091_500.jpg/melon/resize/120/quality/80/optimize,Folk/Blues
너무 아픈 사랑은 사랑이 아니었음을,김광석,https://cdnimg.melon.co.kr/cm/album/images/010/47/955/1047955_500.jpg/melon/resize/120/quality/80/optimize,Folk/Blues
애상,10CM,https://cdnimg.melon.co.kr/cm/album/images/020/59/186/2059186_500.jpg/melon/resize/120/quality/80/optimize,Folk/Blues
잊어야 한다는 마음으로,김광석,https://cdnimg.melon.co.kr/cm/album/images/010/47/953/1047953_500.jpg/melon/resize/120/quality/80/optimize,Folk/Blues
서른 즈음에,김광석,https://cdnimg.melon.co.kr/cm/album/images/010/47/955/1047955_500.jpg/melon/resize/120/quality/80/optimize,Folk/Blues
사랑했지만,김광석,https://cdnimg.melon.co.kr/cm/album/images/101/87/737/10187737_500.jpg/melon/resize/120/quality/80/optimize,Folk/Blues
"그대와 나, 설레임 (Feat. 소울맨)",어쿠스틱 콜라보,https://cdnimg.melon.co.kr/cm/album/images/020/18/706/2018706_500.jpg/melon/resize/120/quality/80/optimize,Folk/Blues
부끄럼,멜로망스,https://cdnimg.melon.co.kr/cm/album/images/026/43/633/2643633_500.jpg/melon/resize/120/quality/80/optimize,Folk/Blues
어느 60대 노부부 이야기,김광석,https://cdnimg.melon.co.kr/cm/album/images/101/87/738/10187738_500.jpg/melon/resize/120/quality/80/optimize,Folk/Blues
너 사용법,에디킴,https://cdnimg.melon.co.kr/cm/album/images/022/49/449/2249449_500.jpg/melon/resize/120/quality/80/optimize,Folk/Blues
오빠야,신현희와김루트,https://cdnimg.melon.co.kr/cm/album/images/023/06/170/2306170_500.jpg/melon/resize/120/quality/80/optimize,Folk/Blues
바람이 불어오는 곳,김광석,https://cdnimg.melon.co.kr/cm/album/images/010/47/955/1047955_500.jpg/melon/resize/120/quality/80/optimize,Folk/Blues
가끔 미치도록 네가 안고 싶어질 때가 있어,가을방학,https://cdnimg.melon.co.kr/cm/album/images/010/35/872/1035872_500.jpg/melon/resize/120/quality/80/optimize,Folk/Blues
"수고했어, 오늘도",옥상달빛,https://cdnimg.melon.co.kr/cm/album/images/012/57/355/1257355_500.jpg/melon/resize/120/quality/80/optimize,Folk/Blues
쓰담쓰담,10CM,https://cdnimg.melon.co.kr/cm/album/images/022/90/452/2290452_500.jpg/melon/resize/120/quality/80/optimize,Folk/Blues
이등병의 편지,김광석,https://cdnimg.melon.co.kr/cm/album/images/101/87/737/10187737_500.jpg/melon/resize/120/quality/80/optimize,Folk/Blues
널 사랑하겠어,동물원,https://cdnimg.melon.co.kr/cm/album/images/000/03/256/3256_500.jpg/melon/resize/120/quality/80/optimize,Folk/Blues
요즘 너 말야 (Album Edit),제이레빗(J Rabbit),https://cdnimg.melon.co.kr/cm/album/images/011/91/764/1191764_500.jpg/melon/resize/120/quality/80/optimize,Folk/Blues
흐린 가을 하늘에 편지를 써,김광석,https://cdnimg.melon.co.kr/cm/album/images/101/87/737/10187737_500.jpg/melon/resize/120/quality/80/optimize,Folk/Blues
Love Love Love,로이킴,https://cdnimg.melon.co.kr/cm/album/images/021/90/230/2190230_500.jpg/melon/resize/120/quality/80/optimize,Folk/Blues
가리워진 길,볼빨간사춘기,https://cdnimg.melon.co.kr/cm/album/images/022/93/911/2293911_500.jpg/melon/resize/120/quality/80/optimize,Folk/Blues
거리에서,김광석,https://cdnimg.melon.co.kr/cm/album/images/003/11/488/311488_500.jpg/melon/resize/120/quality/80/optimize,Folk/Blues
넌 이별 난 아직 (With 한소현 Of 3rd Coast),스탠딩 에그,https://cdnimg.melon.co.kr/cm/album/images/010/85/478/1085478_500.jpg/melon/resize/120/quality/80/optimize,Folk/Blues
10월의 날씨,10CM,https://cdnimg.melon.co.kr/cm/album/images/026/44/090/2644090_500.jpg/melon/resize/120/quality/80/optimize,Folk/Blues
피노키오,로이킴,https://cdnimg.melon.co.kr/cm/album/images/022/92/646/2292646_500.jpg/melon/resize/120/quality/80/optimize,Folk/Blues
외국인의 고백,AKMU (악뮤),https://cdnimg.melon.co.kr/cm/album/images/021/80/390/2180390_500.jpg/melon/resize/120/quality/80/optimize,Folk/Blues
작은별,AKMU (악뮤),https://cdnimg.melon.co.kr/cm/album/images/022/49/127/2249127_500.jpg/melon/resize/120/quality/80/optimize,Folk/Blues
그게 아니고,10CM,https://cdnimg.melon.co.kr/cm/album/images/011/66/956/1166956_500.jpg/melon/resize/120/quality/80/optimize,Folk/Blues
Nothing Without You,10CM,https://cdnimg.melon.co.kr/cm/album/images/021/74/328/2174328_500.jpg/melon/resize/120/quality/80/optimize,Folk/Blues
얼음들,AKMU (악뮤),https://cdnimg.melon.co.kr/cm/album/images/022/49/127/2249127_500.jpg/melon/resize/120/quality/80/optimize,Folk/Blues
일어나,김광석,https://cdnimg.melon.co.kr/cm/album/images/010/47/955/1047955_500.jpg/melon/resize/120/quality/80/optimize,Folk/Blues
내가 만일,안치환,https://cdnimg.melon.co.kr/cm/album/images/003/57/081/357081_500.jpg/melon/resize/120/quality/80/optimize,Folk/Blues
짝사랑,10CM,https://cdnimg.melon.co.kr/cm/album/images/022/90/452/2290452_500.jpg/melon/resize/120/quality/80/optimize,Folk/Blues
사랑은 은하수 다방에서,AKMU (악뮤),https://cdnimg.melon.co.kr/cm/album/images/021/79/123/2179123_500.jpg/melon/resize/120/quality/80/optimize,Folk/Blues
그날들,김광석,https://cdnimg.melon.co.kr/cm/album/images/101/87/737/10187737_500.jpg/melon/resize/120/quality/80/optimize,Folk/Blues
바람이 불어오는 곳,제이레빗(J Rabbit),https://cdnimg.melon.co.kr/cm/album/images/013/43/255/1343255_500.jpg/melon/resize/120/quality/80/optimize,Folk/Blues
걱정말아요 그대,곽진언,https://cdnimg.melon.co.kr/cm/album/images/022/84/514/2284514_500.jpg/melon/resize/120/quality/80/optimize,Folk/Blues
그녀가 처음 울던 날,김광석,https://cdnimg.melon.co.kr/cm/album/images/101/87/738/10187738_500.jpg/melon/resize/120/quality/80/optimize,Folk/Blues
Home,로이킴,https://cdnimg.melon.co.kr/cm/album/images/022/85/059/2285059_500.jpg/melon/resize/120/quality/80/optimize,Folk/Blues
사랑이라는 이유로,김광석,https://cdnimg.melon.co.kr/cm/album/images/101/87/737/10187737_500.jpg/melon/resize/120/quality/80/optimize,Folk/Blues
시청 앞 지하철 역에서,동물원,https://cdnimg.melon.co.kr/cm/album/images/020/54/386/2054386_500.jpg/melon/resize/120/quality/80/optimize,Folk/Blues
혼자 남은 밤,김광석,https://cdnimg.melon.co.kr/cm/album/images/010/47/955/1047955_500.jpg/melon/resize/120/quality/80/optimize,Folk/Blues
다리꼬지마,AKMU (악뮤),https://cdnimg.melon.co.kr/cm/album/images/021/68/087/2168087_500.jpg/melon/resize/120/quality/80/optimize,Folk/Blues
스토커,10CM,https://cdnimg.melon.co.kr/cm/album/images/022/90/452/2290452_500.jpg/melon/resize/120/quality/80/optimize,Folk/Blues
200%,AKMU (악뮤),https://cdnimg.melon.co.kr/cm/album/images/022/49/127/2249127_500.jpg/melon/resize/120/quality/80/optimize,Folk/Blues
Give Love,AKMU (악뮤),https://cdnimg.melon.co.kr/cm/album/images/022/49/127/2249127_500.jpg/melon/resize/120/quality/80/optimize,Folk/Blues
사랑은 은하수 다방에서,10CM,https://cdnimg.melon.co.kr/cm/album/images/011/66/956/1166956_500.jpg/melon/resize/120/quality/80/optimize,Folk/Blues
마음,아이유,https://cdnimg.melon.co.kr/cm/album/images/023/19/008/2319008_500.jpg/melon/resize/120/quality/80/optimize,Folk/Blues
"너에게 난, 나에게 넌",자전거 탄 풍경,https://cdnimg.melon.co.kr/cm/album/images/000/02/412/2412_500.jpg/melon/resize/120/quality/80/optimize,Folk/Blues
Little Star,스탠딩 에그,https://cdnimg.melon.co.kr/cm/album/images/013/28/152/1328152_500.jpg/melon/resize/120/quality/80/optimize,Folk/Blues
청춘 (Feat. 김창완),김필,https://cdnimg.melon.co.kr/cm/album/images/026/48/091/2648091_500.jpg/melon/resize/120/quality/80/optimize,Folk/Blues
너무 아픈 사랑은 사랑이 아니었음을,김광석,https://cdnimg.melon.co.kr/cm/album/images/010/47/955/1047955_500.jpg/melon/resize/120/quality/80/optimize,Folk/Blues
애상,10CM,https://cdnimg.melon.co.kr/cm/album/images/020/59/186/2059186_500.jpg/melon/resize/120/quality/80/optimize,Folk/Blues
잊어야 한다는 마음으로,김광석,https://cdnimg.melon.co.kr/cm/album/images/010/47/953/1047953_500.jpg/melon/resize/120/quality/80/optimize,Folk/Blues
서른 즈음에,김광석,https://cdnimg.melon.co.kr/cm/album/images/010/47/955/1047955_500.jpg/melon/resize/120/quality/80/optimize,Folk/Blues
사랑했지만,김광석,https://cdnimg.melon.co.kr/cm/album/images/101/87/737/10187737_500.jpg/melon/resize/120/quality/80/optimize,Folk/Blues
"그대와 나, 설레임 (Feat. 소울맨)",어쿠스틱 콜라보,https://cdnimg.melon.co.kr/cm/album/images/020/18/706/2018706_500.jpg/melon/resize/120/quality/80/optimize,Folk/Blues
부끄럼,멜로망스,https://cdnimg.melon.co.kr/cm/album/images/026/43/633/2643633_500.jpg/melon/resize/120/quality/80/optimize,Folk/Blues
어느 60대 노부부 이야기,김광석,https://cdnimg.melon.co.kr/cm/album/images/101/87/738/10187738_500.jpg/melon/resize/120/quality/80/optimize,Folk/Blues
너 사용법,에디킴,https://cdnimg.melon.co.kr/cm/album/images/022/49/449/2249449_500.jpg/melon/resize/120/quality/80/optimize,Folk/Blues
오빠야,신현희와김루트,https://cdnimg.melon.co.kr/cm/album/images/023/06/170/2306170_500.jpg/melon/resize/120/quality/80/optimize,Folk/Blues
바람이 불어오는 곳,김광석,https://cdnimg.melon.co.kr/cm/album/images/010/47/955/1047955_500.jpg/melon/resize/120/quality/80/optimize,Folk/Blues
가끔 미치도록 네가 안고 싶어질 때가 있어,가을방학,https://cdnimg.melon.co.kr/cm/album/images/010/35/872/1035872_500.jpg/melon/resize/120/quality/80/optimize,Folk/Blues
"수고했어, 오늘도",옥상달빛,https://cdnimg.melon.co.kr/cm/album/images/012/57/355/1257355_500.jpg/melon/resize/120/quality/80/optimize,Folk/Blues
쓰담쓰담,10CM,https://cdnimg.melon.co.kr/cm/album/images/022/90/452/2290452_500.jpg/melon/resize/120/quality/80/optimize,Folk/Blues
이등병의 편지,김광석,https://cdnimg.melon.co.kr/cm/album/images/101/87/737/10187737_500.jpg/melon/resize/120/quality/80/optimize,Folk/Blues
널 사랑하겠어,동물원,https://cdnimg.melon.co.kr/cm/album/images/000/03/256/3256_500.jpg/melon/resize/120/quality/80/optimize,Folk/Blues
요즘 너 말야 (Album Edit),제이레빗(J Rabbit),https://cdnimg.melon.co.kr/cm/album/images/011/91/764/1191764_500.jpg/melon/resize/120/quality/80/optimize,Folk/Blues
흐린 가을 하늘에 편지를 써,김광석,https://cdnimg.melon.co.kr/cm/album/images/101/87/737/10187737_500.jpg/melon/resize/120/quality/80/optimize,Folk/Blues
Love Love Love,로이킴,https://cdnimg.melon.co.kr/cm/album/images/021/90/230/2190230_500.jpg/melon/resize/120/quality/80/optimize,Folk/Blues
가리워진 길,볼빨간사춘기,https://cdnimg.melon.co.kr/cm/album/images/022/93/911/2293911_500.jpg/melon/resize/120/quality/80/optimize,Folk/Blues
거리에서,김광석,https://cdnimg.melon.co.kr/cm/album/images/003/11/488/311488_500.jpg/melon/resize/120/quality/80/optimize,Folk/Blues
넌 이별 난 아직 (With 한소현 Of 3rd Coast),스탠딩 에그,https://cdnimg.melon.co.kr/cm/album/images/010/85/478/1085478_500.jpg/melon/resize/120/quality/80/optimize,Folk/Blues
10월의 날씨,10CM,https://cdnimg.melon.co.kr/cm/album/images/026/44/090/2644090_500.jpg/melon/resize/120/quality/80/optimize,Folk/Blues
피노키오,로이킴,https://cdnimg.melon.co.kr/cm/album/images/022/92/646/2292646_500.jpg/melon/resize/120/quality/80/optimize,Folk/Blues
외국인의 고백,AKMU (악뮤),https://cdnimg.melon.co.kr/cm/album/images/021/80/390/2180390_500.jpg/melon/resize/120/quality/80/optimize,Folk/Blues
작은별,AKMU (악뮤),https://cdnimg.melon.co.kr/cm/album/images/022/49/127/2249127_500.jpg/melon/resize/120/quality/80/optimize,Folk/Blues
그게 아니고,10CM,https://cdnimg.melon.co.kr/cm/album/images/011/66/956/1166956_500.jpg/melon/resize/120/quality/80/optimize,Folk/Blues
Nothing Without You,10CM,https://cdnimg.melon.co.kr/cm/album/images/021/74/328/2174328_500.jpg/melon/resize/120/quality/80/optimize,Folk/Blues
얼음들,AKMU (악뮤),https://cdnimg.melon.co.kr/cm/album/images/022/49/127/2249127_500.jpg/melon/resize/120/quality/80/optimize,Folk/Blues
일어나,김광석,https://cdnimg.melon.co.kr/cm/album/images/010/47/955/1047955_500.jpg/melon/resize/120/quality/80/optimize,Folk/Blues
내가 만일,안치환,https://cdnimg.melon.co.kr/cm/album/images/003/57/081/357081_500.jpg/melon/resize/120/quality/80/optimize,Folk/Blues
짝사랑,10CM,https://cdnimg.melon.co.kr/cm/album/images/022/90/452/2290452_500.jpg/melon/resize/120/quality/80/optimize,Folk/Blues
사랑은 은하수 다방에서,AKMU (악뮤),https://cdnimg.melon.co.kr/cm/album/images/021/79/123/2179123_500.jpg/melon/resize/120/quality/80/optimize,Folk/Blues
그날들,김광석,https://cdnimg.melon.co.kr/cm/album/images/101/87/737/10187737_500.jpg/melon/resize/120/quality/80/optimize,Folk/Blues
바람이 불어오는 곳,제이레빗(J Rabbit),https://cdnimg.melon.co.kr/cm/album/images/013/43/255/1343255_500.jpg/melon/resize/120/quality/80/optimize,Folk/Blues
걱정말아요 그대,곽진언,https://cdnimg.melon.co.kr/cm/album/images/022/84/514/2284514_500.jpg/melon/resize/120/quality/80/optimize,Folk/Blues
그녀가 처음 울던 날,김광석,https://cdnimg.melon.co.kr/cm/album/images/101/87/738/10187738_500.jpg/melon/resize/120/quality/80/optimize,Folk/Blues
Home,로이킴,https://cdnimg.melon.co.kr/cm/album/images/022/85/059/2285059_500.jpg/melon/resize/120/quality/80/optimize,Folk/Blues
사랑이라는 이유로,김광석,https://cdnimg.melon.co.kr/cm/album/images/101/87/737/10187737_500.jpg/melon/resize/120/quality/80/optimize,Folk/Blues
시청 앞 지하철 역에서,동물원,https://cdnimg.melon.co.kr/cm/album/images/020/54/386/2054386_500.jpg/melon/resize/120/quality/80/optimize,Folk/Blues
혼자 남은 밤,김광석,https://cdnimg.melon.co.kr/cm/album/images/010/47/955/1047955_500.jpg/melon/resize/120/quality/80/optimize,Folk/Blues
다리꼬지마,AKMU (악뮤),https://cdnimg.melon.co.kr/cm/album/images/021/68/087/2168087_500.jpg/melon/resize/120/quality/80/optimize,Folk/Blues
스토커,10CM,https://cdnimg.melon.co.kr/cm/album/images/022/90/452/2290452_500.jpg/melon/resize/120/quality/80/optimize,Indie
안아줘,정준일,https://cdnimg.melon.co.kr/cm/album/images/020/38/488/2038488_500.jpg/melon/resize/120/quality/80/optimize,Indie
위잉위잉,혁오 (HYUKOH),https://cdnimg.melon.co.kr/cm/album/images/022/82/505/2282505_500.jpg/melon/resize/120/quality/80/optimize,Indie
Madeleine Love,CHEEZE (치즈),https://cdnimg.melon.co.kr/cm/album/images/023/18/247/2318247_500.jpg/melon/resize/120/quality/80/optimize,Indie
고백,델리스파이스,https://cdnimg.melon.co.kr/cm/album/images/000/29/678/29678_500.jpg/melon/resize/120/quality/80/optimize,Indie
사랑은 은하수 다방에서,10CM,https://cdnimg.melon.co.kr/cm/album/images/011/66/956/1166956_500.jpg/melon/resize/120/quality/80/optimize,Indie
겨울을 걷는다,윤딴딴,https://cdnimg.melon.co.kr/cm/album/images/022/33/048/2233048_500.jpg/melon/resize/120/quality/80/optimize,Indie
Little Star,스탠딩 에그,https://cdnimg.melon.co.kr/cm/album/images/013/28/152/1328152_500.jpg/melon/resize/120/quality/80/optimize,Indie
고백,뜨거운 감자,https://cdnimg.melon.co.kr/cm/album/images/008/42/655/842655_500.jpg/melon/resize/120/quality/80/optimize,Indie
낭만고양이,체리필터 (cherryfilter),https://cdnimg.melon.co.kr/cm/album/images/000/16/600/16600_500.jpg/melon/resize/120/quality/80/optimize,Indie
고백,정준일,https://cdnimg.melon.co.kr/cm/album/images/022/26/707/2226707_500.jpg/melon/resize/120/quality/80/optimize,Indie
와리가리,혁오 (HYUKOH),https://cdnimg.melon.co.kr/cm/album/images/023/20/721/2320721_500.jpg/melon/resize/120/quality/80/optimize,Indie
"잘 지내자, 우리",짙은,https://cdnimg.melon.co.kr/cm/album/images/022/95/311/2295311_500.jpg/melon/resize/120/quality/80/optimize,Indie
"그대와 나, 설레임 (Feat. 소울맨)",어쿠스틱 콜라보,https://cdnimg.melon.co.kr/cm/album/images/020/18/706/2018706_500.jpg/melon/resize/120/quality/80/optimize,Indie
오리 날다 (영화 '권순분여사 납치사건' CF 테마송),체리필터 (cherryfilter),https://cdnimg.melon.co.kr/cm/album/images/000/32/654/32654_500.jpg/melon/resize/120/quality/80/optimize,Indie
부끄럼,멜로망스,https://cdnimg.melon.co.kr/cm/album/images/026/43/633/2643633_500.jpg/melon/resize/120/quality/80/optimize,Indie
오빠야,신현희와김루트,https://cdnimg.melon.co.kr/cm/album/images/023/06/170/2306170_500.jpg/melon/resize/120/quality/80/optimize,Indie
가끔 미치도록 네가 안고 싶어질 때가 있어,가을방학,https://cdnimg.melon.co.kr/cm/album/images/010/35/872/1035872_500.jpg/melon/resize/120/quality/80/optimize,Indie
뭐라할까,브리즈,https://cdnimg.melon.co.kr/cm/album/images/008/73/053/873053_500.jpg/melon/resize/120/quality/80/optimize,Indie
"수고했어, 오늘도",옥상달빛,https://cdnimg.melon.co.kr/cm/album/images/012/57/355/1257355_500.jpg/melon/resize/120/quality/80/optimize,Indie
밤이 깊었네,크라잉넛 (CRYING NUT),https://cdnimg.melon.co.kr/cm/album/images/000/02/461/2461_500.jpg/melon/resize/120/quality/80/optimize,Indie
Hollywood,검정치마,https://cdnimg.melon.co.kr/cm/album/images/023/13/121/2313121_500.jpg/melon/resize/120/quality/80/optimize,Indie
공드리,혁오 (HYUKOH),https://cdnimg.melon.co.kr/cm/album/images/023/20/721/2320721_500.jpg/melon/resize/120/quality/80/optimize,Indie
백야,짙은,https://cdnimg.melon.co.kr/cm/album/images/020/50/467/2050467_500.jpg/melon/resize/120/quality/80/optimize,Indie
쓰담쓰담,10CM,https://cdnimg.melon.co.kr/cm/album/images/022/90/452/2290452_500.jpg/melon/resize/120/quality/80/optimize,Indie
Hawaian couple (에뛰드 복숭아송 원곡),HUS (허밍어반스테레오),https://cdnimg.melon.co.kr/cm/album/images/003/15/107/315107_500.jpg/melon/resize/120/quality/80/optimize,Indie
Happy Things,제이레빗(J Rabbit),https://cdnimg.melon.co.kr/cm/album/images/021/17/009/2117009_500.jpg/melon/resize/120/quality/80/optimize,Indie
Vineyard (빈야드),우효,https://cdnimg.melon.co.kr/cm/album/images/022/56/210/2256210_500.jpg/melon/resize/120/quality/80/optimize,Indie
요즘 너 말야 (Album Edit),제이레빗(J Rabbit),https://cdnimg.melon.co.kr/cm/album/images/011/91/764/1191764_500.jpg/melon/resize/120/quality/80/optimize,Indie
"작두 (Feat. 넉살, Huckleberry P)",딥플로우,https://cdnimg.melon.co.kr/cm/album/images/023/13/583/2313583_500.jpg/melon/resize/120/quality/80/optimize,Indie
습관 (Bye Bye),롤러 코스터,https://cdnimg.melon.co.kr/cm/album/images/000/03/457/3457_500.jpg/melon/resize/120/quality/80/optimize,Indie
나는 그 사람이 아프다 (Feat. 타루),에피톤 프로젝트,https://cdnimg.melon.co.kr/cm/album/images/005/07/260/507260_500.jpg/melon/resize/120/quality/80/optimize,Indie
Antifreeze,검정치마,https://cdnimg.melon.co.kr/cm/album/images/008/31/751/831751_500.jpg/melon/resize/120/quality/80/optimize,Indie
넌 이별 난 아직 (With 한소현 Of 3rd Coast),스탠딩 에그,https://cdnimg.melon.co.kr/cm/album/images/010/85/478/1085478_500.jpg/melon/resize/120/quality/80/optimize,Indie
10월의 날씨,10CM,https://cdnimg.melon.co.kr/cm/album/images/026/44/090/2644090_500.jpg/melon/resize/120/quality/80/optimize,Indie
챠우챠우-아무리 애를 쓰고 막아 보려 해도 너의 목소리가 들려,델리스파이스,https://cdnimg.melon.co.kr/cm/album/images/000/03/378/3378_500.jpg/melon/resize/120/quality/80/optimize,Indie
아메리카노,10CM,https://cdnimg.melon.co.kr/cm/album/images/009/88/352/988352_500.jpg/melon/resize/120/quality/80/optimize,Indie
안아줘요,10CM,https://cdnimg.melon.co.kr/cm/album/images/020/07/718/2007718_500.jpg/melon/resize/120/quality/80/optimize,Indie
그게 아니고,10CM,https://cdnimg.melon.co.kr/cm/album/images/011/66/956/1166956_500.jpg/melon/resize/120/quality/80/optimize,Indie
Nothing Without You,10CM,https://cdnimg.melon.co.kr/cm/album/images/021/74/328/2174328_500.jpg/melon/resize/120/quality/80/optimize,Indie
좋다,데이브레이크 (Daybreak),https://cdnimg.melon.co.kr/cm/album/images/007/75/551/775551_500.jpg/melon/resize/120/quality/80/optimize,Indie
넌 나 어때,406호 프로젝트,https://cdnimg.melon.co.kr/cm/album/images/022/66/146/2266146_500.jpg/melon/resize/120/quality/80/optimize,Indie
짝사랑,10CM,https://cdnimg.melon.co.kr/cm/album/images/022/90/452/2290452_500.jpg/melon/resize/120/quality/80/optimize,Indie
Ohio,혁오 (HYUKOH),https://cdnimg.melon.co.kr/cm/album/images/022/82/505/2282505_500.jpg/melon/resize/120/quality/80/optimize,Indie
Fine Thank You And You?,10CM,https://cdnimg.melon.co.kr/cm/album/images/021/52/350/2152350_500.jpg/melon/resize/120/quality/80/optimize,Indie
100 (Feat. 천재노창),블랙넛 (Black Nut),https://cdnimg.melon.co.kr/cm/album/images/022/73/054/2273054_500.jpg/melon/resize/120/quality/80/optimize,Indie
Happy Day,체리필터 (cherryfilter),https://cdnimg.melon.co.kr/cm/album/images/003/24/593/324593_500.jpg/melon/resize/120/quality/80/optimize,Indie
"봄날, 벚꽃 그리고 너",에피톤 프로젝트,https://cdnimg.melon.co.kr/cm/album/images/003/77/198/377198_500.jpg/melon/resize/120/quality/80/optimize,Indie
사랑한대,스탠딩 에그,https://cdnimg.melon.co.kr/cm/album/images/021/70/699/2170699_500.jpg/melon/resize/120/quality/80/optimize,Indie
행운을 빌어요,페퍼톤스 (PEPPERTONES),https://cdnimg.melon.co.kr/cm/album/images/021/16/246/2116246_500.jpg/melon/resize/120/quality/80/optimize,Indie
스토커,10CM,https://cdnimg.melon.co.kr/cm/album/images/022/90/452/2290452_500.jpg/melon/resize/120/quality/80/optimize,Indie
안아줘,정준일,https://cdnimg.melon.co.kr/cm/album/images/020/38/488/2038488_500.jpg/melon/resize/120/quality/80/optimize,Indie
위잉위잉,혁오 (HYUKOH),https://cdnimg.melon.co.kr/cm/album/images/022/82/505/2282505_500.jpg/melon/resize/120/quality/80/optimize,Indie
Madeleine Love,CHEEZE (치즈),https://cdnimg.melon.co.kr/cm/album/images/023/18/247/2318247_500.jpg/melon/resize/120/quality/80/optimize,Indie
고백,델리스파이스,https://cdnimg.melon.co.kr/cm/album/images/000/29/678/29678_500.jpg/melon/resize/120/quality/80/optimize,Indie
사랑은 은하수 다방에서,10CM,https://cdnimg.melon.co.kr/cm/album/images/011/66/956/1166956_500.jpg/melon/resize/120/quality/80/optimize,Indie
겨울을 걷는다,윤딴딴,https://cdnimg.melon.co.kr/cm/album/images/022/33/048/2233048_500.jpg/melon/resize/120/quality/80/optimize,Indie
Little Star,스탠딩 에그,https://cdnimg.melon.co.kr/cm/album/images/013/28/152/1328152_500.jpg/melon/resize/120/quality/80/optimize,Indie
고백,뜨거운 감자,https://cdnimg.melon.co.kr/cm/album/images/008/42/655/842655_500.jpg/melon/resize/120/quality/80/optimize,Indie
낭만고양이,체리필터 (cherryfilter),https://cdnimg.melon.co.kr/cm/album/images/000/16/600/16600_500.jpg/melon/resize/120/quality/80/optimize,Indie
고백,정준일,https://cdnimg.melon.co.kr/cm/album/images/022/26/707/2226707_500.jpg/melon/resize/120/quality/80/optimize,Indie
와리가리,혁오 (HYUKOH),https://cdnimg.melon.co.kr/cm/album/images/023/20/721/2320721_500.jpg/melon/resize/120/quality/80/optimize,Indie
"잘 지내자, 우리",짙은,https://cdnimg.melon.co.kr/cm/album/images/022/95/311/2295311_500.jpg/melon/resize/120/quality/80/optimize,Indie
"그대와 나, 설레임 (Feat. 소울맨)",어쿠스틱 콜라보,https://cdnimg.melon.co.kr/cm/album/images/020/18/706/2018706_500.jpg/melon/resize/120/quality/80/optimize,Indie
오리 날다 (영화 '권순분여사 납치사건' CF 테마송),체리필터 (cherryfilter),https://cdnimg.melon.co.kr/cm/album/images/000/32/654/32654_500.jpg/melon/resize/120/quality/80/optimize,Indie
부끄럼,멜로망스,https://cdnimg.melon.co.kr/cm/album/images/026/43/633/2643633_500.jpg/melon/resize/120/quality/80/optimize,Indie
오빠야,신현희와김루트,https://cdnimg.melon.co.kr/cm/album/images/023/06/170/2306170_500.jpg/melon/resize/120/quality/80/optimize,Indie
가끔 미치도록 네가 안고 싶어질 때가 있어,가을방학,https://cdnimg.melon.co.kr/cm/album/images/010/35/872/1035872_500.jpg/melon/resize/120/quality/80/optimize,Indie
뭐라할까,브리즈,https://cdnimg.melon.co.kr/cm/album/images/008/73/053/873053_500.jpg/melon/resize/120/quality/80/optimize,Indie
"수고했어, 오늘도",옥상달빛,https://cdnimg.melon.co.kr/cm/album/images/012/57/355/1257355_500.jpg/melon/resize/120/quality/80/optimize,Indie
밤이 깊었네,크라잉넛 (CRYING NUT),https://cdnimg.melon.co.kr/cm/album/images/000/02/461/2461_500.jpg/melon/resize/120/quality/80/optimize,Indie
Hollywood,검정치마,https://cdnimg.melon.co.kr/cm/album/images/023/13/121/2313121_500.jpg/melon/resize/120/quality/80/optimize,Indie
공드리,혁오 (HYUKOH),https://cdnimg.melon.co.kr/cm/album/images/023/20/721/2320721_500.jpg/melon/resize/120/quality/80/optimize,Indie
백야,짙은,https://cdnimg.melon.co.kr/cm/album/images/020/50/467/2050467_500.jpg/melon/resize/120/quality/80/optimize,Indie
쓰담쓰담,10CM,https://cdnimg.melon.co.kr/cm/album/images/022/90/452/2290452_500.jpg/melon/resize/120/quality/80/optimize,Indie
Hawaian couple (에뛰드 복숭아송 원곡),HUS (허밍어반스테레오),https://cdnimg.melon.co.kr/cm/album/images/003/15/107/315107_500.jpg/melon/resize/120/quality/80/optimize,Indie
Happy Things,제이레빗(J Rabbit),https://cdnimg.melon.co.kr/cm/album/images/021/17/009/2117009_500.jpg/melon/resize/120/quality/80/optimize,Indie
Vineyard (빈야드),우효,https://cdnimg.melon.co.kr/cm/album/images/022/56/210/2256210_500.jpg/melon/resize/120/quality/80/optimize,Indie
요즘 너 말야 (Album Edit),제이레빗(J Rabbit),https://cdnimg.melon.co.kr/cm/album/images/011/91/764/1191764_500.jpg/melon/resize/120/quality/80/optimize,Indie
"작두 (Feat. 넉살, Huckleberry P)",딥플로우,https://cdnimg.melon.co.kr/cm/album/images/023/13/583/2313583_500.jpg/melon/resize/120/quality/80/optimize,Indie
습관 (Bye Bye),롤러 코스터,https://cdnimg.melon.co.kr/cm/album/images/000/03/457/3457_500.jpg/melon/resize/120/quality/80/optimize,Indie
나는 그 사람이 아프다 (Feat. 타루),에피톤 프로젝트,https://cdnimg.melon.co.kr/cm/album/images/005/07/260/507260_500.jpg/melon/resize/120/quality/80/optimize,Indie
Antifreeze,검정치마,https://cdnimg.melon.co.kr/cm/album/images/008/31/751/831751_500.jpg/melon/resize/120/quality/80/optimize,Indie
넌 이별 난 아직 (With 한소현 Of 3rd Coast),스탠딩 에그,https://cdnimg.melon.co.kr/cm/album/images/010/85/478/1085478_500.jpg/melon/resize/120/quality/80/optimize,Indie
10월의 날씨,10CM,https://cdnimg.melon.co.kr/cm/album/images/026/44/090/2644090_500.jpg/melon/resize/120/quality/80/optimize,Indie
챠우챠우-아무리 애를 쓰고 막아 보려 해도 너의 목소리가 들려,델리스파이스,https://cdnimg.melon.co.kr/cm/album/images/000/03/378/3378_500.jpg/melon/resize/120/quality/80/optimize,Indie
아메리카노,10CM,https://cdnimg.melon.co.kr/cm/album/images/009/88/352/988352_500.jpg/melon/resize/120/quality/80/optimize,Indie
안아줘요,10CM,https://cdnimg.melon.co.kr/cm/album/images/020/07/718/2007718_500.jpg/melon/resize/120/quality/80/optimize,Indie
그게 아니고,10CM,https://cdnimg.melon.co.kr/cm/album/images/011/66/956/1166956_500.jpg/melon/resize/120/quality/80/optimize,Indie
Nothing Without You,10CM,https://cdnimg.melon.co.kr/cm/album/images/021/74/328/2174328_500.jpg/melon/resize/120/quality/80/optimize,Indie
좋다,데이브레이크 (Daybreak),https://cdnimg.melon.co.kr/cm/album/images/007/75/551/775551_500.jpg/melon/resize/120/quality/80/optimize,Indie
넌 나 어때,406호 프로젝트,https://cdnimg.melon.co.kr/cm/album/images/022/66/146/2266146_500.jpg/melon/resize/120/quality/80/optimize,Indie
짝사랑,10CM,https://cdnimg.melon.co.kr/cm/album/images/022/90/452/2290452_500.jpg/melon/resize/120/quality/80/optimize,Indie
Ohio,혁오 (HYUKOH),https://cdnimg.melon.co.kr/cm/album/images/022/82/505/2282505_500.jpg/melon/resize/120/quality/80/optimize,Indie
Fine Thank You And You?,10CM,https://cdnimg.melon.co.kr/cm/album/images/021/52/350/2152350_500.jpg/melon/resize/120/quality/80/optimize,Indie
100 (Feat. 천재노창),블랙넛 (Black Nut),https://cdnimg.melon.co.kr/cm/album/images/022/73/054/2273054_500.jpg/melon/resize/120/quality/80/optimize,Indie
Happy Day,체리필터 (cherryfilter),https://cdnimg.melon.co.kr/cm/album/images/003/24/593/324593_500.jpg/melon/resize/120/quality/80/optimize,Indie
"봄날, 벚꽃 그리고 너",에피톤 프로젝트,https://cdnimg.melon.co.kr/cm/album/images/003/77/198/377198_500.jpg/melon/resize/120/quality/80/optimize,Indie
사랑한대,스탠딩 에그,https://cdnimg.melon.co.kr/cm/album/images/021/70/699/2170699_500.jpg/melon/resize/120/quality/80/optimize,Indie
행운을 빌어요,페퍼톤스 (PEPPERTONES),https://cdnimg.melon.co.kr/cm/album/images/021/16/246/2116246_500.jpg/melon/resize/120/quality/80/optimize,Indie
내 손을 잡아,아이유,https://cdnimg.melon.co.kr/cm/album/images/012/86/252/1286252_500.jpg/melon/resize/120/quality/80/optimize,Ballad
Timeless,SG 워너비,https://cdnimg.melon.co.kr/cm/album/images/003/99/659/399659_500.jpg/melon/resize/120/quality/80/optimize,Ballad
희재,성시경,https://cdnimg.melon.co.kr/cm/album/images/000/28/985/28985_500.jpg/melon/resize/120/quality/80/optimize,Ballad
거리에서,성시경,https://cdnimg.melon.co.kr/cm/album/images/003/28/396/328396_500.jpg/melon/resize/120/quality/80/optimize,Ballad
라라라,SG 워너비,https://cdnimg.melon.co.kr/cm/album/images/003/76/502/376502_500.jpg/melon/resize/120/quality/80/optimize,Ballad
봄 사랑 벚꽃 말고,HIGH4 (하이포),https://cdnimg.melon.co.kr/cm/album/images/022/48/659/2248659_500.jpg/melon/resize/120/quality/80/optimize,Ballad
광화문에서 (At Gwanghwamun),규현 (KYUHYUN),https://cdnimg.melon.co.kr/cm/album/images/022/90/324/2290324_500.jpg/melon/resize/120/quality/80/optimize,Ballad
All For You,서인국,https://cdnimg.melon.co.kr/cm/album/images/021/48/020/2148020_500.jpg/melon/resize/120/quality/80/optimize,Ballad
살다가,SG 워너비,https://cdnimg.melon.co.kr/cm/album/images/000/50/578/50578_500.jpg/melon/resize/120/quality/80/optimize,Ballad
금요일에 만나요 (Feat. 장이정 Of HISTORY),아이유,https://cdnimg.melon.co.kr/cm/album/images/022/22/587/2222587_500.jpg/melon/resize/120/quality/80/optimize,Ballad
사랑의 인사,씨야,https://cdnimg.melon.co.kr/cm/album/images/003/52/046/352046_500.jpg/melon/resize/120/quality/80/optimize,Ballad
너의 의미 (Feat. 김창완),아이유,https://cdnimg.melon.co.kr/cm/album/images/022/56/290/2256290_500.jpg/melon/resize/120/quality/80/optimize,Ballad
기다리다,윤하 (YOUNHA),https://cdnimg.melon.co.kr/cm/album/images/003/33/687/333687_500.jpg/melon/resize/120/quality/80/optimize,Ballad
내게 오는 길,성시경,https://cdnimg.melon.co.kr/cm/album/images/000/02/138/2138_500.jpg/melon/resize/120/quality/80/optimize,Ballad
이 소설의 끝을 다시 써보려 해,한동근,https://cdnimg.melon.co.kr/cm/album/images/022/84/064/2284064_500.jpg/melon/resize/120/quality/80/optimize,Ballad
소녀,오혁,https://cdnimg.melon.co.kr/cm/album/images/026/52/150/2652150_500.jpg/melon/resize/120/quality/80/optimize,Ballad
크리스마스니까,성시경,https://cdnimg.melon.co.kr/cm/album/images/021/68/409/2168409_500.jpg/melon/resize/120/quality/80/optimize,Ballad
그녀를 사랑해줘요,하동균,https://cdnimg.melon.co.kr/cm/album/images/003/20/278/320278_500.jpg/melon/resize/120/quality/80/optimize,Ballad
다시 사랑한다 말할까,김동률,https://cdnimg.melon.co.kr/cm/album/images/000/05/504/5504_500.jpg/melon/resize/120/quality/80/optimize,Ballad
걱정말아요 그대,이적,https://cdnimg.melon.co.kr/cm/album/images/026/49/434/2649434_500.jpg/melon/resize/120/quality/80/optimize,Ballad
저녁 하늘,에일리(Ailee),https://cdnimg.melon.co.kr/cm/album/images/021/53/251/2153251_500.jpg/melon/resize/120/quality/80/optimize,Ballad
그랬나봐,김형중,https://cdnimg.melon.co.kr/cm/album/images/000/26/626/26626_500.jpg/melon/resize/120/quality/80/optimize,Ballad
죄와벌,SG 워너비,https://cdnimg.melon.co.kr/cm/album/images/000/50/578/50578_500.jpg/melon/resize/120/quality/80/optimize,Ballad
"묘해, 너와",어쿠스틱 콜라보,https://cdnimg.melon.co.kr/cm/album/images/022/79/896/2279896_500.jpg/melon/resize/120/quality/80/optimize,Ballad
사랑 안해,백지영,https://cdnimg.melon.co.kr/cm/album/images/003/15/848/315848_500.jpg/melon/resize/120/quality/80/optimize,Ballad
오늘 헤어졌어요,윤하 (YOUNHA),https://cdnimg.melon.co.kr/cm/album/images/007/41/853/741853_500.jpg/melon/resize/120/quality/80/optimize,Ballad
소주 한 잔,임창정,https://cdnimg.melon.co.kr/cm/album/images/000/31/482/31482_500.jpg/melon/resize/120/quality/80/optimize,Ballad
못해 (Feat. 美),포맨 (4MEN),https://cdnimg.melon.co.kr/cm/album/images/007/72/051/772051_500.jpg/melon/resize/120/quality/80/optimize,Ballad
안녕이라고 말하지마,다비치,https://cdnimg.melon.co.kr/cm/album/images/020/08/890/2008890_500.jpg/melon/resize/120/quality/80/optimize,Ballad
끝사랑,김범수,https://cdnimg.melon.co.kr/cm/album/images/013/02/654/1302654_500.jpg/melon/resize/120/quality/80/optimize,Ballad
삭제,이승기,https://cdnimg.melon.co.kr/cm/album/images/000/34/984/34984_500.jpg/melon/resize/120/quality/80/optimize,Ballad
나였으면,나윤권,https://cdnimg.melon.co.kr/cm/album/images/000/35/529/35529_500.jpg/melon/resize/120/quality/80/optimize,Ballad
보고 싶다,김범수,https://cdnimg.melon.co.kr/cm/album/images/000/26/260/26260_500.jpg/melon/resize/120/quality/80/optimize,Ballad
넌 감동이었어,성시경,https://cdnimg.melon.co.kr/cm/album/images/000/16/541/16541_500.jpg/melon/resize/120/quality/80/optimize,Ballad
여전히 아름다운지,김연우,https://cdnimg.melon.co.kr/cm/album/images/000/05/422/5422_500.jpg/melon/resize/120/quality/80/optimize,Ballad
두사람,성시경,https://cdnimg.melon.co.kr/cm/album/images/003/01/311/301311_500.jpg/melon/resize/120/quality/80/optimize,Ballad
까만안경 (Feat. Day Light),이루,https://cdnimg.melon.co.kr/cm/album/images/003/28/069/328069_500.jpg/melon/resize/120/quality/80/optimize,Ballad
같은 베개...,테이,https://cdnimg.melon.co.kr/cm/album/images/003/44/501/344501_500.jpg/melon/resize/120/quality/80/optimize,Ballad
화장을 고치고,왁스,https://cdnimg.melon.co.kr/cm/album/images/000/02/835/2835_500.jpg/melon/resize/120/quality/80/optimize,Ballad
또 다시 사랑,임창정,https://cdnimg.melon.co.kr/cm/album/images/026/38/798/2638798_500.jpg/melon/resize/120/quality/80/optimize,Ballad
I Love You,포지션,https://cdnimg.melon.co.kr/cm/album/images/000/05/325/5325_500.jpg/melon/resize/120/quality/80/optimize,Ballad
추억은 사랑을 닮아,박효신,https://cdnimg.melon.co.kr/cm/album/images/003/43/653/343653_500.jpg/melon/resize/120/quality/80/optimize,Ballad
그 남자 그 여자 (Feat. 장혜진),바이브,https://cdnimg.melon.co.kr/cm/album/images/003/14/287/314287_500.jpg/melon/resize/120/quality/80/optimize,Ballad
심장이 없어,에이트,https://cdnimg.melon.co.kr/cm/album/images/005/14/852/514852_500.jpg/melon/resize/120/quality/80/optimize,Ballad
사랑은...향기를 남기고,테이,https://cdnimg.melon.co.kr/cm/album/images/004/70/451/470451_500.jpg/melon/resize/120/quality/80/optimize,Ballad
Love Blossom (러브블러썸),케이윌,https://cdnimg.melon.co.kr/cm/album/images/021/80/379/2180379_500.jpg/melon/resize/120/quality/80/optimize,Ballad
Madeleine Love,CHEEZE (치즈),https://cdnimg.melon.co.kr/cm/album/images/023/18/247/2318247_500.jpg/melon/resize/120/quality/80/optimize,Ballad
One Love,엠씨더맥스 (M.C the MAX),https://cdnimg.melon.co.kr/cm/album/images/000/22/287/22287_500.jpg/melon/resize/120/quality/80/optimize,Ballad
Heaven,김현성,https://cdnimg.melon.co.kr/cm/album/images/000/13/611/13611_500.jpg/melon/resize/120/quality/80/optimize,Ballad
미인 (美人),이기찬,https://cdnimg.melon.co.kr/cm/album/images/003/43/998/343998_500.jpg/melon/resize/120/quality/80/optimize,Ballad
내 손을 잡아,아이유,https://cdnimg.melon.co.kr/cm/album/images/012/86/252/1286252_500.jpg/melon/resize/120/quality/80/optimize,Ballad
Timeless,SG 워너비,https://cdnimg.melon.co.kr/cm/album/images/003/99/659/399659_500.jpg/melon/resize/120/quality/80/optimize,Ballad
희재,성시경,https://cdnimg.melon.co.kr/cm/album/images/000/28/985/28985_500.jpg/melon/resize/120/quality/80/optimize,Ballad
거리에서,성시경,https://cdnimg.melon.co.kr/cm/album/images/003/28/396/328396_500.jpg/melon/resize/120/quality/80/optimize,Ballad
라라라,SG 워너비,https://cdnimg.melon.co.kr/cm/album/images/003/76/502/376502_500.jpg/melon/resize/120/quality/80/optimize,Ballad
봄 사랑 벚꽃 말고,HIGH4 (하이포),https://cdnimg.melon.co.kr/cm/album/images/022/48/659/2248659_500.jpg/melon/resize/120/quality/80/optimize,Ballad
광화문에서 (At Gwanghwamun),규현 (KYUHYUN),https://cdnimg.melon.co.kr/cm/album/images/022/90/324/2290324_500.jpg/melon/resize/120/quality/80/optimize,Ballad
All For You,서인국,https://cdnimg.melon.co.kr/cm/album/images/021/48/020/2148020_500.jpg/melon/resize/120/quality/80/optimize,Ballad
살다가,SG 워너비,https://cdnimg.melon.co.kr/cm/album/images/000/50/578/50578_500.jpg/melon/resize/120/quality/80/optimize,Ballad
금요일에 만나요 (Feat. 장이정 Of HISTORY),아이유,https://cdnimg.melon.co.kr/cm/album/images/022/22/587/2222587_500.jpg/melon/resize/120/quality/80/optimize,Ballad
사랑의 인사,씨야,https://cdnimg.melon.co.kr/cm/album/images/003/52/046/352046_500.jpg/melon/resize/120/quality/80/optimize,Ballad
너의 의미 (Feat. 김창완),아이유,https://cdnimg.melon.co.kr/cm/album/images/022/56/290/2256290_500.jpg/melon/resize/120/quality/80/optimize,Ballad
기다리다,윤하 (YOUNHA),https://cdnimg.melon.co.kr/cm/album/images/003/33/687/333687_500.jpg/melon/resize/120/quality/80/optimize,Ballad
내게 오는 길,성시경,https://cdnimg.melon.co.kr/cm/album/images/000/02/138/2138_500.jpg/melon/resize/120/quality/80/optimize,Ballad
이 소설의 끝을 다시 써보려 해,한동근,https://cdnimg.melon.co.kr/cm/album/images/022/84/064/2284064_500.jpg/melon/resize/120/quality/80/optimize,Ballad
소녀,오혁,https://cdnimg.melon.co.kr/cm/album/images/026/52/150/2652150_500.jpg/melon/resize/120/quality/80/optimize,Ballad
크리스마스니까,성시경,https://cdnimg.melon.co.kr/cm/album/images/021/68/409/2168409_500.jpg/melon/resize/120/quality/80/optimize,Ballad
그녀를 사랑해줘요,하동균,https://cdnimg.melon.co.kr/cm/album/images/003/20/278/320278_500.jpg/melon/resize/120/quality/80/optimize,Ballad
다시 사랑한다 말할까,김동률,https://cdnimg.melon.co.kr/cm/album/images/000/05/504/5504_500.jpg/melon/resize/120/quality/80/optimize,Ballad
걱정말아요 그대,이적,https://cdnimg.melon.co.kr/cm/album/images/026/49/434/2649434_500.jpg/melon/resize/120/quality/80/optimize,Ballad
저녁 하늘,에일리(Ailee),https://cdnimg.melon.co.kr/cm/album/images/021/53/251/2153251_500.jpg/melon/resize/120/quality/80/optimize,Ballad
그랬나봐,김형중,https://cdnimg.melon.co.kr/cm/album/images/000/26/626/26626_500.jpg/melon/resize/120/quality/80/optimize,Ballad
죄와벌,SG 워너비,https://cdnimg.melon.co.kr/cm/album/images/000/50/578/50578_500.jpg/melon/resize/120/quality/80/optimize,Ballad
"묘해, 너와",어쿠스틱 콜라보,https://cdnimg.melon.co.kr/cm/album/images/022/79/896/2279896_500.jpg/melon/resize/120/quality/80/optimize,Ballad
사랑 안해,백지영,https://cdnimg.melon.co.kr/cm/album/images/003/15/848/315848_500.jpg/melon/resize/120/quality/80/optimize,Ballad
오늘 헤어졌어요,윤하 (YOUNHA),https://cdnimg.melon.co.kr/cm/album/images/007/41/853/741853_500.jpg/melon/resize/120/quality/80/optimize,Ballad
소주 한 잔,임창정,https://cdnimg.melon.co.kr/cm/album/images/000/31/482/31482_500.jpg/melon/resize/120/quality/80/optimize,Ballad
못해 (Feat. 美),포맨 (4MEN),https://cdnimg.melon.co.kr/cm/album/images/007/72/051/772051_500.jpg/melon/resize/120/quality/80/optimize,Ballad
안녕이라고 말하지마,다비치,https://cdnimg.melon.co.kr/cm/album/images/020/08/890/2008890_500.jpg/melon/resize/120/quality/80/optimize,Ballad
끝사랑,김범수,https://cdnimg.melon.co.kr/cm/album/images/013/02/654/1302654_500.jpg/melon/resize/120/quality/80/optimize,Ballad
삭제,이승기,https://cdnimg.melon.co.kr/cm/album/images/000/34/984/34984_500.jpg/melon/resize/120/quality/80/optimize,Ballad
나였으면,나윤권,https://cdnimg.melon.co.kr/cm/album/images/000/35/529/35529_500.jpg/melon/resize/120/quality/80/optimize,Ballad
보고 싶다,김범수,https://cdnimg.melon.co.kr/cm/album/images/000/26/260/26260_500.jpg/melon/resize/120/quality/80/optimize,Ballad
넌 감동이었어,성시경,https://cdnimg.melon.co.kr/cm/album/images/000/16/541/16541_500.jpg/melon/resize/120/quality/80/optimize,Ballad
여전히 아름다운지,김연우,https://cdnimg.melon.co.kr/cm/album/images/000/05/422/5422_500.jpg/melon/resize/120/quality/80/optimize,Ballad
두사람,성시경,https://cdnimg.melon.co.kr/cm/album/images/003/01/311/301311_500.jpg/melon/resize/120/quality/80/optimize,Ballad
까만안경 (Feat. Day Light),이루,https://cdnimg.melon.co.kr/cm/album/images/003/28/069/328069_500.jpg/melon/resize/120/quality/80/optimize,Ballad
같은 베개...,테이,https://cdnimg.melon.co.kr/cm/album/images/003/44/501/344501_500.jpg/melon/resize/120/quality/80/optimize,Ballad
화장을 고치고,왁스,https://cdnimg.melon.co.kr/cm/album/images/000/02/835/2835_500.jpg/melon/resize/120/quality/80/optimize,Ballad
또 다시 사랑,임창정,https://cdnimg.melon.co.kr/cm/album/images/026/38/798/2638798_500.jpg/melon/resize/120/quality/80/optimize,Ballad
I Love You,포지션,https://cdnimg.melon.co.kr/cm/album/images/000/05/325/5325_500.jpg/melon/resize/120/quality/80/optimize,Ballad
추억은 사랑을 닮아,박효신,https://cdnimg.melon.co.kr/cm/album/images/003/43/653/343653_500.jpg/melon/resize/120/quality/80/optimize,Ballad
그 남자 그 여자 (Feat. 장혜진),바이브,https://cdnimg.melon.co.kr/cm/album/images/003/14/287/314287_500.jpg/melon/resize/120/quality/80/optimize,Ballad
심장이 없어,에이트,https://cdnimg.melon.co.kr/cm/album/images/005/14/852/514852_500.jpg/melon/resize/120/quality/80/optimize,Ballad
사랑은...향기를 남기고,테이,https://cdnimg.melon.co.kr/cm/album/images/004/70/451/470451_500.jpg/melon/resize/120/quality/80/optimize,Ballad
Love Blossom (러브블러썸),케이윌,https://cdnimg.melon.co.kr/cm/album/images/021/80/379/2180379_500.jpg/melon/resize/120/quality/80/optimize,Ballad
Madeleine Love,CHEEZE (치즈),https://cdnimg.melon.co.kr/cm/album/images/023/18/247/2318247_500.jpg/melon/resize/120/quality/80/optimize,Ballad
One Love,엠씨더맥스 (M.C the MAX),https://cdnimg.melon.co.kr/cm/album/images/000/22/287/22287_500.jpg/melon/resize/120/quality/80/optimize,Ballad
Heaven,김현성,https://cdnimg.melon.co.kr/cm/album/images/000/13/611/13611_500.jpg/melon/resize/120/quality/80/optimize,Ballad
미인 (美人),이기찬,https://cdnimg.melon.co.kr/cm/album/images/003/43/998/343998_500.jpg/melon/resize/120/quality/80/optimize,Ballad
내 사람: Partner For Life,SG 워너비,https://cdnimg.melon.co.kr/cm/album/images/003/16/209/316209_500.jpg/melon/resize/120/quality/80/optimize,R&B/Soul
벌써 일년,브라운 아이즈,https://cdnimg.melon.co.kr/cm/album/images/000/02/393/2393_500.jpg/melon/resize/120/quality/80/optimize,R&B/Soul
...사랑했잖아...,린,https://cdnimg.melon.co.kr/cm/album/images/000/34/289/34289_500.jpg/melon/resize/120/quality/80/optimize,R&B/Soul
바람기억,나얼,https://cdnimg.melon.co.kr/cm/album/images/021/50/856/2150856_500.jpg/melon/resize/120/quality/80/optimize,R&B/Soul
체념,빅마마,https://cdnimg.melon.co.kr/cm/album/images/000/27/516/27516_500.jpg/melon/resize/120/quality/80/optimize,R&B/Soul
친구라도 될 걸 그랬어,거미 (GUMMY),https://cdnimg.melon.co.kr/cm/album/images/000/26/396/26396_500.jpg/melon/resize/120/quality/80/optimize,R&B/Soul
썸 (Feat. 릴보이 Of 긱스),소유 (SOYOU),https://cdnimg.melon.co.kr/cm/album/images/022/30/890/2230890_500.jpg/melon/resize/120/quality/80/optimize,R&B/Soul
귀로,나얼,https://cdnimg.melon.co.kr/cm/album/images/000/47/037/47037_500.jpg/melon/resize/120/quality/80/optimize,R&B/Soul
정말 사랑했을까,브라운 아이드 소울,https://cdnimg.melon.co.kr/cm/album/images/000/32/695/32695_500.jpg/melon/resize/120/quality/80/optimize,R&B/Soul
Must Have Love,SG 워너비,https://cdnimg.melon.co.kr/cm/album/images/003/31/377/331377_500.jpg/melon/resize/120/quality/80/optimize,R&B/Soul
우주를 건너,백예린 (Yerin Baek),https://cdnimg.melon.co.kr/cm/album/images/026/53/573/2653573_500.jpg/melon/resize/120/quality/80/optimize,R&B/Soul
"눈, 코, 입",태양,https://cdnimg.melon.co.kr/cm/album/images/022/59/140/2259140_500.jpg/melon/resize/120/quality/80/optimize,R&B/Soul
연,빅마마,https://cdnimg.melon.co.kr/cm/album/images/003/28/509/328509_500.jpg/melon/resize/120/quality/80/optimize,R&B/Soul
No Make Up,Zion.T,https://cdnimg.melon.co.kr/cm/album/images/026/44/221/2644221_500.jpg/melon/resize/120/quality/80/optimize,R&B/Soul
아리랑,SG 워너비,https://cdnimg.melon.co.kr/cm/album/images/003/49/217/349217_500.jpg/melon/resize/120/quality/80/optimize,R&B/Soul
날 그만 잊어요,거미 (GUMMY),https://cdnimg.melon.co.kr/cm/album/images/000/35/501/35501_500.jpg/melon/resize/120/quality/80/optimize,R&B/Soul
점점,브라운 아이즈,https://cdnimg.melon.co.kr/cm2/album/images/000/23/956/23956_20221103153909_500.jpg/melon/resize/120/quality/80/optimize,R&B/Soul
Oasis (Feat. ZICO),Crush,https://cdnimg.melon.co.kr/cm/album/images/023/27/886/2327886_500.jpg/melon/resize/120/quality/80/optimize,R&B/Soul
가끔,Crush,https://cdnimg.melon.co.kr/cm/album/images/022/59/487/2259487_500.jpg/melon/resize/120/quality/80/optimize,R&B/Soul
양화대교,Zion.T,https://cdnimg.melon.co.kr/cm/album/images/022/82/942/2282942_500.jpg/melon/resize/120/quality/80/optimize,R&B/Soul
꺼내 먹어요,Zion.T,https://cdnimg.melon.co.kr/cm/album/images/023/19/240/2319240_500.jpg/melon/resize/120/quality/80/optimize,R&B/Soul
갖고놀래 (Feat. 다이나믹 듀오),범키,https://cdnimg.melon.co.kr/cm/album/images/021/96/906/2196906_500.jpg/melon/resize/120/quality/80/optimize,R&B/Soul
한여름날의 꿈 (Duet With 옥주현),SG 워너비,https://cdnimg.melon.co.kr/cm/album/images/003/49/217/349217_500.jpg/melon/resize/120/quality/80/optimize,R&B/Soul
듣는편지,40,https://cdnimg.melon.co.kr/cm/album/images/021/73/468/2173468_500.jpg/melon/resize/120/quality/80/optimize,R&B/Soul
With Me,휘성 (Realslow),https://cdnimg.melon.co.kr/cm/album/images/000/32/544/32544_500.jpg/melon/resize/120/quality/80/optimize,R&B/Soul
해줄 수 없는 일,박효신,https://cdnimg.melon.co.kr/cm/album/images/000/03/982/3982_500.jpg/melon/resize/120/quality/80/optimize,R&B/Soul
고백,포맨 (4MEN),https://cdnimg.melon.co.kr/cm/album/images/003/15/135/315135_500.jpg/melon/resize/120/quality/80/optimize,R&B/Soul
Touch Love,윤미래,https://cdnimg.melon.co.kr/cm/album/images/022/03/929/2203929_500.jpg/melon/resize/120/quality/80/optimize,R&B/Soul
사랑..그 놈,바비 킴,https://cdnimg.melon.co.kr/cm/album/images/004/65/354/465354_500.jpg/melon/resize/120/quality/80/optimize,R&B/Soul
Rose,이하이,https://cdnimg.melon.co.kr/cm/album/images/021/77/337/2177337_500.jpg/melon/resize/120/quality/80/optimize,R&B/Soul
그대 돌아오면..,거미 (GUMMY),https://cdnimg.melon.co.kr/cm/album/images/000/26/396/26396_500.jpg/melon/resize/120/quality/80/optimize,R&B/Soul
시간이 흐른 뒤 (As Time Goes By),윤미래,https://cdnimg.melon.co.kr/cm/album/images/000/03/279/3279_500.jpg/melon/resize/120/quality/80/optimize,R&B/Soul
사진을 보다가,바이브,https://cdnimg.melon.co.kr/cm/album/images/000/33/244/33244_500.jpg/melon/resize/120/quality/80/optimize,R&B/Soul
청혼,노을,https://cdnimg.melon.co.kr/cm/album/images/000/34/746/34746_500.jpg/melon/resize/120/quality/80/optimize,R&B/Soul
천생연분,솔리드,https://cdnimg.melon.co.kr/cm/album/images/000/05/402/5402_500.jpg/melon/resize/120/quality/80/optimize,R&B/Soul
미워요,정인,https://cdnimg.melon.co.kr/cm/album/images/008/24/554/824554_500.jpg/melon/resize/120/quality/80/optimize,R&B/Soul
그냥 (Just),Zion.T,https://cdnimg.melon.co.kr/cm/album/images/023/02/415/2302415_500.jpg/melon/resize/120/quality/80/optimize,R&B/Soul
기억상실,거미 (GUMMY),https://cdnimg.melon.co.kr/cm/album/images/000/35/501/35501_500.jpg/melon/resize/120/quality/80/optimize,R&B/Soul
장마,정인,https://cdnimg.melon.co.kr/cm/album/images/012/34/952/1234952_500.jpg/melon/resize/120/quality/80/optimize,R&B/Soul
그날에 우리,어반자카파,https://cdnimg.melon.co.kr/cm/album/images/012/77/868/1277868_500.jpg/melon/resize/120/quality/80/optimize,R&B/Soul
그런 일은,박화요비,https://cdnimg.melon.co.kr/cm/album/images/000/00/111/111_500.jpg/melon/resize/120/quality/80/optimize,R&B/Soul
아마도 그건,Crush,https://cdnimg.melon.co.kr/cm/album/images/026/48/529/2648529_500.jpg/melon/resize/120/quality/80/optimize,R&B/Soul
Happiness,가비엔제이,https://cdnimg.melon.co.kr/cm/album/images/003/09/078/309078_500.jpg/melon/resize/120/quality/80/optimize,R&B/Soul
Sea Of Love,플라이 투 더 스카이,https://cdnimg.melon.co.kr/cm/album/images/000/16/406/16406_500.jpg/melon/resize/120/quality/80/optimize,R&B/Soul
Missing You,플라이 투 더 스카이,https://cdnimg.melon.co.kr/cm/album/images/000/32/015/32015_500.jpg/melon/resize/120/quality/80/optimize,R&B/Soul
너를 너를 너를,플라이 투 더 스카이,https://cdnimg.melon.co.kr/cm/album/images/022/55/589/2255589_500.jpg/melon/resize/120/quality/80/optimize,R&B/Soul
Insomnia (불면증),휘성 (Realslow),https://cdnimg.melon.co.kr/cm/album/images/005/01/551/501551_500.jpg/melon/resize/120/quality/80/optimize,R&B/Soul
어제처럼,제이,https://cdnimg.melon.co.kr/cm/album/images/000/00/104/104_500.jpg/melon/resize/120/quality/80/optimize,R&B/Soul
결혼까지 생각했어,휘성 (Realslow),https://cdnimg.melon.co.kr/cm/album/images/010/00/465/1000465_500.jpg/melon/resize/120/quality/80/optimize,R&B/Soul
My Story,브라운 아이드 소울,https://cdnimg.melon.co.kr/cm/album/images/003/60/077/360077_500.jpg/melon/resize/120/quality/80/optimize,R&B/Soul
내 사람: Partner For Life,SG 워너비,https://cdnimg.melon.co.kr/cm/album/images/003/16/209/316209_500.jpg/melon/resize/120/quality/80/optimize,R&B/Soul
벌써 일년,브라운 아이즈,https://cdnimg.melon.co.kr/cm/album/images/000/02/393/2393_500.jpg/melon/resize/120/quality/80/optimize,R&B/Soul
...사랑했잖아...,린,https://cdnimg.melon.co.kr/cm/album/images/000/34/289/34289_500.jpg/melon/resize/120/quality/80/optimize,R&B/Soul
바람기억,나얼,https://cdnimg.melon.co.kr/cm/album/images/021/50/856/2150856_500.jpg/melon/resize/120/quality/80/optimize,R&B/Soul
체념,빅마마,https://cdnimg.melon.co.kr/cm/album/images/000/27/516/27516_500.jpg/melon/resize/120/quality/80/optimize,R&B/Soul
친구라도 될 걸 그랬어,거미 (GUMMY),https://cdnimg.melon.co.kr/cm/album/images/000/26/396/26396_500.jpg/melon/resize/120/quality/80/optimize,R&B/Soul
썸 (Feat. 릴보이 Of 긱스),소유 (SOYOU),https://cdnimg.melon.co.kr/cm/album/images/022/30/890/2230890_500.jpg/melon/resize/120/quality/80/optimize,R&B/Soul
귀로,나얼,https://cdnimg.melon.co.kr/cm/album/images/000/47/037/47037_500.jpg/melon/resize/120/quality/80/optimize,R&B/Soul
정말 사랑했을까,브라운 아이드 소울,https://cdnimg.melon.co.kr/cm/album/images/000/32/695/32695_500.jpg/melon/resize/120/quality/80/optimize,R&B/Soul
Must Have Love,SG 워너비,https://cdnimg.melon.co.kr/cm/album/images/003/31/377/331377_500.jpg/melon/resize/120/quality/80/optimize,R&B/Soul
우주를 건너,백예린 (Yerin Baek),https://cdnimg.melon.co.kr/cm/album/images/026/53/573/2653573_500.jpg/melon/resize/120/quality/80/optimize,R&B/Soul
"눈, 코, 입",태양,https://cdnimg.melon.co.kr/cm/album/images/022/59/140/2259140_500.jpg/melon/resize/120/quality/80/optimize,R&B/Soul
연,빅마마,https://cdnimg.melon.co.kr/cm/album/images/003/28/509/328509_500.jpg/melon/resize/120/quality/80/optimize,R&B/Soul
No Make Up,Zion.T,https://cdnimg.melon.co.kr/cm/album/images/026/44/221/2644221_500.jpg/melon/resize/120/quality/80/optimize,R&B/Soul
아리랑,SG 워너비,https://cdnimg.melon.co.kr/cm/album/images/003/49/217/349217_500.jpg/melon/resize/120/quality/80/optimize,R&B/Soul
날 그만 잊어요,거미 (GUMMY),https://cdnimg.melon.co.kr/cm/album/images/000/35/501/35501_500.jpg/melon/resize/120/quality/80/optimize,R&B/Soul
점점,브라운 아이즈,https://cdnimg.melon.co.kr/cm2/album/images/000/23/956/23956_20221103153909_500.jpg/melon/resize/120/quality/80/optimize,R&B/Soul
Oasis (Feat. ZICO),Crush,https://cdnimg.melon.co.kr/cm/album/images/023/27/886/2327886_500.jpg/melon/resize/120/quality/80/optimize,R&B/Soul
가끔,Crush,https://cdnimg.melon.co.kr/cm/album/images/022/59/487/2259487_500.jpg/melon/resize/120/quality/80/optimize,R&B/Soul
양화대교,Zion.T,https://cdnimg.melon.co.kr/cm/album/images/022/82/942/2282942_500.jpg/melon/resize/120/quality/80/optimize,R&B/Soul
꺼내 먹어요,Zion.T,https://cdnimg.melon.co.kr/cm/album/images/023/19/240/2319240_500.jpg/melon/resize/120/quality/80/optimize,R&B/Soul
갖고놀래 (Feat. 다이나믹 듀오),범키,https://cdnimg.melon.co.kr/cm/album/images/021/96/906/2196906_500.jpg/melon/resize/120/quality/80/optimize,R&B/Soul
한여름날의 꿈 (Duet With 옥주현),SG 워너비,https://cdnimg.melon.co.kr/cm/album/images/003/49/217/349217_500.jpg/melon/resize/120/quality/80/optimize,R&B/Soul
듣는편지,40,https://cdnimg.melon.co.kr/cm/album/images/021/73/468/2173468_500.jpg/melon/resize/120/quality/80/optimize,R&B/Soul
With Me,휘성 (Realslow),https://cdnimg.melon.co.kr/cm/album/images/000/32/544/32544_500.jpg/melon/resize/120/quality/80/optimize,R&B/Soul
해줄 수 없는 일,박효신,https://cdnimg.melon.co.kr/cm/album/images/000/03/982/3982_500.jpg/melon/resize/120/quality/80/optimize,R&B/Soul
고백,포맨 (4MEN),https://cdnimg.melon.co.kr/cm/album/images/003/15/135/315135_500.jpg/melon/resize/120/quality/80/optimize,R&B/Soul
Touch Love,윤미래,https://cdnimg.melon.co.kr/cm/album/images/022/03/929/2203929_500.jpg/melon/resize/120/quality/80/optimize,R&B/Soul
사랑..그 놈,바비 킴,https://cdnimg.melon.co.kr/cm/album/images/004/65/354/465354_500.jpg/melon/resize/120/quality/80/optimize,R&B/Soul
Rose,이하이,https://cdnimg.melon.co.kr/cm/album/images/021/77/337/2177337_500.jpg/melon/resize/120/quality/80/optimize,R&B/Soul
그대 돌아오면..,거미 (GUMMY),https://cdnimg.melon.co.kr/cm/album/images/000/26/396/26396_500.jpg/melon/resize/120/quality/80/optimize,R&B/Soul
시간이 흐른 뒤 (As Time Goes By),윤미래,https://cdnimg.melon.co.kr/cm/album/images/000/03/279/3279_500.jpg/melon/resize/120/quality/80/optimize,R&B/Soul
사진을 보다가,바이브,https://cdnimg.melon.co.kr/cm/album/images/000/33/244/33244_500.jpg/melon/resize/120/quality/80/optimize,R&B/Soul
청혼,노을,https://cdnimg.melon.co.kr/cm/album/images/000/34/746/34746_500.jpg/melon/resize/120/quality/80/optimize,R&B/Soul
천생연분,솔리드,https://cdnimg.melon.co.kr/cm/album/images/000/05/402/5402_500.jpg/melon/resize/120/quality/80/optimize,R&B/Soul
미워요,정인,https://cdnimg.melon.co.kr/cm/album/images/008/24/554/824554_500.jpg/melon/resize/120/quality/80/optimize,R&B/Soul
그냥 (Just),Zion.T,https://cdnimg.melon.co.kr/cm/album/images/023/02/415/2302415_500.jpg/melon/resize/120/quality/80/optimize,R&B/Soul
기억상실,거미 (GUMMY),https://cdnimg.melon.co.kr/cm/album/images/000/35/501/35501_500.jpg/melon/resize/120/quality/80/optimize,R&B/Soul
장마,정인,https://cdnimg.melon.co.kr/cm/album/images/012/34/952/1234952_500.jpg/melon/resize/120/quality/80/optimize,R&B/Soul
그날에 우리,어반자카파,https://cdnimg.melon.co.kr/cm/album/images/012/77/868/1277868_500.jpg/melon/resize/120/quality/80/optimize,R&B/Soul
그런 일은,박화요비,https://cdnimg.melon.co.kr/cm/album/images/000/00/111/111_500.jpg/melon/resize/120/quality/80/optimize,R&B/Soul
아마도 그건,Crush,https://cdnimg.melon.co.kr/cm/album/images/026/48/529/2648529_500.jpg/melon/resize/120/quality/80/optimize,R&B/Soul
Happiness,가비엔제이,https://cdnimg.melon.co.kr/cm/album/images/003/09/078/309078_500.jpg/melon/resize/120/quality/80/optimize,R&B/Soul
Sea Of Love,플라이 투 더 스카이,https://cdnimg.melon.co.kr/cm/album/images/000/16/406/16406_500.jpg/melon/resize/120/quality/80/optimize,R&B/Soul
Missing You,플라이 투 더 스카이,https://cdnimg.melon.co.kr/cm/album/images/000/32/015/32015_500.jpg/melon/resize/120/quality/80/optimize,R&B/Soul
너를 너를 너를,플라이 투 더 스카이,https://cdnimg.melon.co.kr/cm/album/images/022/55/589/2255589_500.jpg/melon/resize/120/quality/80/optimize,R&B/Soul
Insomnia (불면증),휘성 (Realslow),https://cdnimg.melon.co.kr/cm/album/images/005/01/551/501551_500.jpg/melon/resize/120/quality/80/optimize,R&B/Soul
어제처럼,제이,https://cdnimg.melon.co.kr/cm/album/images/000/00/104/104_500.jpg/melon/resize/120/quality/80/optimize,R&B/Soul
결혼까지 생각했어,휘성 (Realslow),https://cdnimg.melon.co.kr/cm/album/images/010/00/465/1000465_500.jpg/melon/resize/120/quality/80/optimize,R&B/Soul
My Story,브라운 아이드 소울,https://cdnimg.melon.co.kr/cm/album/images/003/60/077/360077_500.jpg/melon/resize/120/quality/80/optimize,R&B/Soul
